> statpar -I station.imp

> statpar -u station.imp


-------------------------------
-------- PBL Structure --------
-------------------------------



--PARAMREC

Insert into PARAMREC(PARSET,PARCLASS,PARID,SUBID,PARVAL) values('Aktiv','Param','area_limit','PBL-AREA-01',180);
Insert into PARAMREC(PARSET,PARCLASS,PARID,SUBID,PARVAL) values('Aktiv','Param','area_limit','PBL-AREA-02',180);
Insert into PARAMREC(PARSET,PARCLASS,PARID,SUBID,PARVAL) values('Aktiv','Param','area_limit','PBL-AREA-03',180);

Insert into PARAMREC(PARSET,PARCLASS,PARID,SUBID,PARVAL) values('Aktiv','Param','stationlimit','PBL-AREA-01',180);
Insert into PARAMREC(PARSET,PARCLASS,PARID,SUBID,PARVAL) values('Aktiv','Param','stationlimit','PBL-AREA-02',180);
Insert into PARAMREC(PARSET,PARCLASS,PARID,SUBID,PARVAL) values('Aktiv','Param','stationlimit','PBL-AREA-03',180);
Insert into PARAMREC(PARSET,PARCLASS,PARID,SUBID,PARVAL) values('Aktiv','Param','stationlimit','PBL01',180);
Insert into PARAMREC(PARSET,PARCLASS,PARID,SUBID,PARVAL) values('Aktiv','Param','stationlimit','PBL02',180);
Insert into PARAMREC(PARSET,PARCLASS,PARID,SUBID,PARVAL) values('Aktiv','Param','stationlimit','PBL03',180);
Insert into PARAMREC(PARSET,PARCLASS,PARID,SUBID,PARVAL) values('Aktiv','Param','stationlimit','PBL04',180);
Insert into PARAMREC(PARSET,PARCLASS,PARID,SUBID,PARVAL) values('Aktiv','Param','stationlimit','PBL05',180);
Insert into PARAMREC(PARSET,PARCLASS,PARID,SUBID,PARVAL) values('Aktiv','Param','stationlimit','PBL06',180);
Insert into PARAMREC(PARSET,PARCLASS,PARID,SUBID,PARVAL) values('Aktiv','Param','stationlimit','PBL07',180);
Insert into PARAMREC(PARSET,PARCLASS,PARID,SUBID,PARVAL) values('Aktiv','Param','stationlimit','PBL08',180);
Insert into PARAMREC(PARSET,PARCLASS,PARID,SUBID,PARVAL) values('Aktiv','Param','stationlimit','PBL09',180);
Insert into PARAMREC(PARSET,PARCLASS,PARID,SUBID,PARVAL) values('Aktiv','Param','stationlimit','PBL10',180);
Insert into PARAMREC(PARSET,PARCLASS,PARID,SUBID,PARVAL) values('Aktiv','Param','stationlimit','PBL11',180);
Insert into PARAMREC(PARSET,PARCLASS,PARID,SUBID,PARVAL) values('Aktiv','Param','stationlimit','PBL12',180);
Insert into PARAMREC(PARSET,PARCLASS,PARID,SUBID,PARVAL) values('Aktiv','Param','stationlimit','PBL13',180);
Insert into PARAMREC(PARSET,PARCLASS,PARID,SUBID,PARVAL) values('Aktiv','Param','stationlimit','PBL14',180);
Insert into PARAMREC(PARSET,PARCLASS,PARID,SUBID,PARVAL) values('Aktiv','Param','stationlimit','PBL15',180);
Insert into PARAMREC(PARSET,PARCLASS,PARID,SUBID,PARVAL) values('Aktiv','Param','stationlimit','PBL16',180);
Insert into PARAMREC(PARSET,PARCLASS,PARID,SUBID,PARVAL) values('Aktiv','Param','stationlimit','PBL17',180);
Insert into PARAMREC(PARSET,PARCLASS,PARID,SUBID,PARVAL) values('Aktiv','Param','stationlimit','PBL18',180);
Insert into PARAMREC(PARSET,PARCLASS,PARID,SUBID,PARVAL) values('Aktiv','Param','stationlimit','PBL19',180);
Insert into PARAMREC(PARSET,PARCLASS,PARID,SUBID,PARVAL) values('Aktiv','Param','stationlimit','PBL20',180);






--CONTROLLER

insert into controller (ctl_id, ctl_name, queue_type) values (21,'PBL','BOSS');



--------- PBLs ------------



-- PBL01-Front --

Insert into LOCATION (LT_ID,GEOCODE,GEOCODE2) values (1001,'A-01-01','A-01-01');
Insert into LOCATION (LT_ID,GEOCODE,GEOCODE2) values (1001,'A-01-02','A-01-02');
Insert into LOCATION (LT_ID,GEOCODE,GEOCODE2) values (1001,'A-01-03','A-01-03');
Insert into LOCATION (LT_ID,GEOCODE,GEOCODE2) values (1001,'A-01-04','A-01-04');
Insert into LOCATION (LT_ID,GEOCODE,GEOCODE2) values (1001,'A-01-05','A-01-05');
Insert into LOCATION (LT_ID,GEOCODE,GEOCODE2) values (1001,'A-01-06','A-01-06');
Insert into LOCATION (LT_ID,GEOCODE,GEOCODE2) values (1001,'A-01-07','A-01-07');
Insert into LOCATION (LT_ID,GEOCODE,GEOCODE2) values (1001,'A-01-08','A-01-08');
Insert into LOCATION (LT_ID,GEOCODE,GEOCODE2) values (1001,'A-01-09','A-01-09');
Insert into LOCATION (LT_ID,GEOCODE,GEOCODE2) values (1001,'A-01-10','A-01-10');
Insert into LOCATION (LT_ID,GEOCODE,GEOCODE2) values (1001,'A-01-11','A-01-11');
Insert into LOCATION (LT_ID,GEOCODE,GEOCODE2) values (1001,'A-01-12','A-01-12');



-- PBL01-Right --

Insert into LOCATION (LT_ID,GEOCODE,GEOCODE2) values (1001,'A-01-13','A-01-13');
Insert into LOCATION (LT_ID,GEOCODE,GEOCODE2) values (1001,'A-01-14','A-01-14');
Insert into LOCATION (LT_ID,GEOCODE,GEOCODE2) values (1001,'A-01-15','A-01-15');
Insert into LOCATION (LT_ID,GEOCODE,GEOCODE2) values (1001,'A-01-16','A-01-16');
Insert into LOCATION (LT_ID,GEOCODE,GEOCODE2) values (1001,'A-01-17','A-01-17');
Insert into LOCATION (LT_ID,GEOCODE,GEOCODE2) values (1001,'A-01-18','A-01-18');
Insert into LOCATION (LT_ID,GEOCODE,GEOCODE2) values (1001,'A-01-19','A-01-19');
Insert into LOCATION (LT_ID,GEOCODE,GEOCODE2) values (1001,'A-01-20','A-01-20');
Insert into LOCATION (LT_ID,GEOCODE,GEOCODE2) values (1001,'A-01-21','A-01-21');
Insert into LOCATION (LT_ID,GEOCODE,GEOCODE2) values (1001,'A-01-22','A-01-22');
Insert into LOCATION (LT_ID,GEOCODE,GEOCODE2) values (1001,'A-01-23','A-01-23');
Insert into LOCATION (LT_ID,GEOCODE,GEOCODE2) values (1001,'A-01-24','A-01-24');
Insert into LOCATION (LT_ID,GEOCODE,GEOCODE2) values (1001,'A-01-25','A-01-25');
Insert into LOCATION (LT_ID,GEOCODE,GEOCODE2) values (1001,'A-01-26','A-01-26');
Insert into LOCATION (LT_ID,GEOCODE,GEOCODE2) values (1001,'A-01-27','A-01-27');
Insert into LOCATION (LT_ID,GEOCODE,GEOCODE2) values (1001,'A-01-28','A-01-28');
Insert into LOCATION (LT_ID,GEOCODE,GEOCODE2) values (1001,'A-01-29','A-01-29');
Insert into LOCATION (LT_ID,GEOCODE,GEOCODE2) values (1001,'A-01-30','A-01-30');
Insert into LOCATION (LT_ID,GEOCODE,GEOCODE2) values (1001,'A-01-31','A-01-31');
Insert into LOCATION (LT_ID,GEOCODE,GEOCODE2) values (1001,'A-01-32','A-01-32');
Insert into LOCATION (LT_ID,GEOCODE,GEOCODE2) values (1001,'A-01-33','A-01-33');
Insert into LOCATION (LT_ID,GEOCODE,GEOCODE2) values (1001,'A-01-34','A-01-34');
Insert into LOCATION (LT_ID,GEOCODE,GEOCODE2) values (1001,'A-01-35','A-01-35');
Insert into LOCATION (LT_ID,GEOCODE,GEOCODE2) values (1001,'A-01-36','A-01-36');


-- PBL01-Left --

Insert into LOCATION (LT_ID,GEOCODE,GEOCODE2) values (1001,'A-01-37','A-01-37');
Insert into LOCATION (LT_ID,GEOCODE,GEOCODE2) values (1001,'A-01-38','A-01-38');
Insert into LOCATION (LT_ID,GEOCODE,GEOCODE2) values (1001,'A-01-39','A-01-39');
Insert into LOCATION (LT_ID,GEOCODE,GEOCODE2) values (1001,'A-01-40','A-01-40');
Insert into LOCATION (LT_ID,GEOCODE,GEOCODE2) values (1001,'A-01-41','A-01-41');
Insert into LOCATION (LT_ID,GEOCODE,GEOCODE2) values (1001,'A-01-42','A-01-42');
Insert into LOCATION (LT_ID,GEOCODE,GEOCODE2) values (1001,'A-01-43','A-01-43');
Insert into LOCATION (LT_ID,GEOCODE,GEOCODE2) values (1001,'A-01-44','A-01-44');
Insert into LOCATION (LT_ID,GEOCODE,GEOCODE2) values (1001,'A-01-45','A-01-45');
Insert into LOCATION (LT_ID,GEOCODE,GEOCODE2) values (1001,'A-01-46','A-01-46');
Insert into LOCATION (LT_ID,GEOCODE,GEOCODE2) values (1001,'A-01-47','A-01-47');
Insert into LOCATION (LT_ID,GEOCODE,GEOCODE2) values (1001,'A-01-48','A-01-48');
Insert into LOCATION (LT_ID,GEOCODE,GEOCODE2) values (1001,'A-01-49','A-01-49');
Insert into LOCATION (LT_ID,GEOCODE,GEOCODE2) values (1001,'A-01-50','A-01-50');
Insert into LOCATION (LT_ID,GEOCODE,GEOCODE2) values (1001,'A-01-51','A-01-51');
Insert into LOCATION (LT_ID,GEOCODE,GEOCODE2) values (1001,'A-01-52','A-01-52');
Insert into LOCATION (LT_ID,GEOCODE,GEOCODE2) values (1001,'A-01-53','A-01-53');
Insert into LOCATION (LT_ID,GEOCODE,GEOCODE2) values (1001,'A-01-54','A-01-54');
Insert into LOCATION (LT_ID,GEOCODE,GEOCODE2) values (1001,'A-01-55','A-01-55');
Insert into LOCATION (LT_ID,GEOCODE,GEOCODE2) values (1001,'A-01-56','A-01-56');
Insert into LOCATION (LT_ID,GEOCODE,GEOCODE2) values (1001,'A-01-57','A-01-57');
Insert into LOCATION (LT_ID,GEOCODE,GEOCODE2) values (1001,'A-01-58','A-01-58');
Insert into LOCATION (LT_ID,GEOCODE,GEOCODE2) values (1001,'A-01-59','A-01-59');
Insert into LOCATION (LT_ID,GEOCODE,GEOCODE2) values (1001,'A-01-60','A-01-60'); 







------ SKU LOCATIONS  ------

   <location_insert article_id="ART1" geo_code="A-01-01" packunit_size="1" />
   <location_insert article_id="ART2" geo_code="A-01-02" packunit_size="1" />
   <location_insert article_id="ART3" geo_code="A-01-03" packunit_size="1" />
   <location_insert article_id="ART4" geo_code="A-01-04" packunit_size="1" />
   <location_insert article_id="ART5" geo_code="A-01-05" packunit_size="1" />
   <location_insert article_id="ART6" geo_code="A-01-06" packunit_size="1" />
   <location_insert article_id="ART7" geo_code="A-01-07" packunit_size="1" />
   <location_insert article_id="ART8" geo_code="A-01-08" packunit_size="1" />
   <location_insert article_id="ART9" geo_code="A-01-09" packunit_size="1" />
   <location_insert article_id="ART10" geo_code="A-01-10" packunit_size="1" />
   <location_insert article_id="ART11" geo_code="A-01-11" packunit_size="1" />
   <location_insert article_id="ART12" geo_code="A-01-12" packunit_size="1" />
   <location_insert article_id="ART13" geo_code="A-01-13" packunit_size="1" />
   <location_insert article_id="ART14" geo_code="A-01-14" packunit_size="1" />
   <location_insert article_id="ART15" geo_code="A-01-15" packunit_size="1" />
   <location_insert article_id="ART16" geo_code="A-01-16" packunit_size="1" />
   <location_insert article_id="ART17" geo_code="A-01-17" packunit_size="1" />
   <location_insert article_id="ART18" geo_code="A-01-18" packunit_size="1" />
   <location_insert article_id="ART19" geo_code="A-01-19" packunit_size="1" />
   <location_insert article_id="ART20" geo_code="A-01-20" packunit_size="1" />
  





--PBL

Insert into LOCATION_GROUP (LG_CODE,LGT_ID,NUMBER_OF_LOCS,TF_FIND_LOCATION,DESCRIPTION) values ('PBL-AREA-01',6,0,'T','PBL-AREA-01');
Insert into LOCATION_GROUP (LG_CODE,LGT_ID,NUMBER_OF_LOCS,TF_FIND_LOCATION,DESCRIPTION) values ('PBL-AREA-02',6,0,'T','PBL-AREA-02');
Insert into LOCATION_GROUP (LG_CODE,LGT_ID,NUMBER_OF_LOCS,TF_FIND_LOCATION,DESCRIPTION) values ('PBL-AREA-03',6,0,'T','PBL-AREA-03');


Insert into LOCATION_GROUP (LG_CODE,LGT_ID,NUMBER_OF_LOCS,TF_FIND_LOCATION,DESCRIPTION) values ('PBL01',12,0,'T','PBL01');
Insert into LOCATION_GROUP (LG_CODE,LGT_ID,NUMBER_OF_LOCS,TF_FIND_LOCATION,DESCRIPTION) values ('PBL02',12,0,'T','PBL02');
Insert into LOCATION_GROUP (LG_CODE,LGT_ID,NUMBER_OF_LOCS,TF_FIND_LOCATION,DESCRIPTION) values ('PBL03',12,0,'T','PBL03');
Insert into LOCATION_GROUP (LG_CODE,LGT_ID,NUMBER_OF_LOCS,TF_FIND_LOCATION,DESCRIPTION) values ('PBL04',12,0,'T','PBL04');
Insert into LOCATION_GROUP (LG_CODE,LGT_ID,NUMBER_OF_LOCS,TF_FIND_LOCATION,DESCRIPTION) values ('PBL05',12,0,'T','PBL05');
Insert into LOCATION_GROUP (LG_CODE,LGT_ID,NUMBER_OF_LOCS,TF_FIND_LOCATION,DESCRIPTION) values ('PBL06',12,0,'T','PBL06');
Insert into LOCATION_GROUP (LG_CODE,LGT_ID,NUMBER_OF_LOCS,TF_FIND_LOCATION,DESCRIPTION) values ('PBL07',12,0,'T','PBL07');
Insert into LOCATION_GROUP (LG_CODE,LGT_ID,NUMBER_OF_LOCS,TF_FIND_LOCATION,DESCRIPTION) values ('PBL08',12,0,'T','PBL08');
Insert into LOCATION_GROUP (LG_CODE,LGT_ID,NUMBER_OF_LOCS,TF_FIND_LOCATION,DESCRIPTION) values ('PBL09',12,0,'T','PBL09');
Insert into LOCATION_GROUP (LG_CODE,LGT_ID,NUMBER_OF_LOCS,TF_FIND_LOCATION,DESCRIPTION) values ('PBL10',12,0,'T','PBL10');
Insert into LOCATION_GROUP (LG_CODE,LGT_ID,NUMBER_OF_LOCS,TF_FIND_LOCATION,DESCRIPTION) values ('PBL11',12,0,'T','PBL11');
Insert into LOCATION_GROUP (LG_CODE,LGT_ID,NUMBER_OF_LOCS,TF_FIND_LOCATION,DESCRIPTION) values ('PBL12',12,0,'T','PBL12');
Insert into LOCATION_GROUP (LG_CODE,LGT_ID,NUMBER_OF_LOCS,TF_FIND_LOCATION,DESCRIPTION) values ('PBL13',12,0,'T','PBL13');
Insert into LOCATION_GROUP (LG_CODE,LGT_ID,NUMBER_OF_LOCS,TF_FIND_LOCATION,DESCRIPTION) values ('PBL14',12,0,'T','PBL14');
Insert into LOCATION_GROUP (LG_CODE,LGT_ID,NUMBER_OF_LOCS,TF_FIND_LOCATION,DESCRIPTION) values ('PBL15',12,0,'T','PBL15');
Insert into LOCATION_GROUP (LG_CODE,LGT_ID,NUMBER_OF_LOCS,TF_FIND_LOCATION,DESCRIPTION) values ('PBL16',12,0,'T','PBL16');
Insert into LOCATION_GROUP (LG_CODE,LGT_ID,NUMBER_OF_LOCS,TF_FIND_LOCATION,DESCRIPTION) values ('PBL17',12,0,'T','PBL17');
Insert into LOCATION_GROUP (LG_CODE,LGT_ID,NUMBER_OF_LOCS,TF_FIND_LOCATION,DESCRIPTION) values ('PBL18',12,0,'T','PBL18');
Insert into LOCATION_GROUP (LG_CODE,LGT_ID,NUMBER_OF_LOCS,TF_FIND_LOCATION,DESCRIPTION) values ('PBL19',12,0,'T','PBL19');
Insert into LOCATION_GROUP (LG_CODE,LGT_ID,NUMBER_OF_LOCS,TF_FIND_LOCATION,DESCRIPTION) values ('PBL20',12,0,'T','PBL20');





Insert into LOCATION_GROUP (LG_CODE,LGT_ID,NUMBER_OF_LOCS,TF_FIND_LOCATION,DESCRIPTION) values ('AIP01',10,0,'T','AIP01');
Insert into LOCATION_GROUP (LG_CODE,LGT_ID,NUMBER_OF_LOCS,TF_FIND_LOCATION,DESCRIPTION) values ('BAL01',10,0,'T','BAL01');
Insert into LOCATION_GROUP (LG_CODE,LGT_ID,NUMBER_OF_LOCS,TF_FIND_LOCATION,DESCRIPTION) values ('JPT01',10,0,'T','JPT01');
Insert into LOCATION_GROUP (LG_CODE,LGT_ID,NUMBER_OF_LOCS,TF_FIND_LOCATION,DESCRIPTION) values ('PBLA01',10,0,'T','PBLA01');
Insert into LOCATION_GROUP (LG_CODE,LGT_ID,NUMBER_OF_LOCS,TF_FIND_LOCATION,DESCRIPTION) values ('PBLA02',10,0,'T','PBLA02');
Insert into LOCATION_GROUP (LG_CODE,LGT_ID,NUMBER_OF_LOCS,TF_FIND_LOCATION,DESCRIPTION) values ('PBLA03',10,0,'T','PBLA03');
Insert into LOCATION_GROUP (LG_CODE,LGT_ID,NUMBER_OF_LOCS,TF_FIND_LOCATION,DESCRIPTION) values ('PBLA04',10,0,'T','PBLA04');
Insert into LOCATION_GROUP (LG_CODE,LGT_ID,NUMBER_OF_LOCS,TF_FIND_LOCATION,DESCRIPTION) values ('PBLA05',10,0,'T','PBLA05');
Insert into LOCATION_GROUP (LG_CODE,LGT_ID,NUMBER_OF_LOCS,TF_FIND_LOCATION,DESCRIPTION) values ('PBLA06',10,0,'T','PBLA06');
Insert into LOCATION_GROUP (LG_CODE,LGT_ID,NUMBER_OF_LOCS,TF_FIND_LOCATION,DESCRIPTION) values ('PBLA07',10,0,'T','PBLA07');
Insert into LOCATION_GROUP (LG_CODE,LGT_ID,NUMBER_OF_LOCS,TF_FIND_LOCATION,DESCRIPTION) values ('PBLA08',10,0,'T','PBLA08');
Insert into LOCATION_GROUP (LG_CODE,LGT_ID,NUMBER_OF_LOCS,TF_FIND_LOCATION,DESCRIPTION) values ('PBLA09',10,0,'T','PBLA09');
Insert into LOCATION_GROUP (LG_CODE,LGT_ID,NUMBER_OF_LOCS,TF_FIND_LOCATION,DESCRIPTION) values ('PBLA10',10,0,'T','PBLA10');
Insert into LOCATION_GROUP (LG_CODE,LGT_ID,NUMBER_OF_LOCS,TF_FIND_LOCATION,DESCRIPTION) values ('PBLA11',10,0,'T','PBLA11');
Insert into LOCATION_GROUP (LG_CODE,LGT_ID,NUMBER_OF_LOCS,TF_FIND_LOCATION,DESCRIPTION) values ('PBLA12',10,0,'T','PBLA12');
Insert into LOCATION_GROUP (LG_CODE,LGT_ID,NUMBER_OF_LOCS,TF_FIND_LOCATION,DESCRIPTION) values ('JPT02',10,0,'T','JPT02');
Insert into LOCATION_GROUP (LG_CODE,LGT_ID,NUMBER_OF_LOCS,TF_FIND_LOCATION,DESCRIPTION) values ('JPT03',10,0,'T','JPT03');
Insert into LOCATION_GROUP (LG_CODE,LGT_ID,NUMBER_OF_LOCS,TF_FIND_LOCATION,DESCRIPTION) values ('JPT04',10,0,'T','JPT04');
Insert into LOCATION_GROUP (LG_CODE,LGT_ID,NUMBER_OF_LOCS,TF_FIND_LOCATION,DESCRIPTION) values ('JPT05',10,0,'T','JPT05');


Insert into LOCATION_GROUP (LG_CODE,LGT_ID,NUMBER_OF_LOCS,TF_FIND_LOCATION,DESCRIPTION) values ('MANUAL_AREA',6,0,'T','MANUAL_AREA');


---------- LOCATION_GROUP_MEMBER_DEF ------------

INSERT INTO LOCATION_GROUP_MEMBER_DEF(LG_ID_IN, L_ID, SIDE) VALUES (100168, 100021, 0); -- PBL01 A-01-01 
INSERT INTO LOCATION_GROUP_MEMBER_DEF(LG_ID_IN, L_ID, SIDE) VALUES (100168, 100022, 0); -- PBL01 A-01-02 
INSERT INTO LOCATION_GROUP_MEMBER_DEF(LG_ID_IN, L_ID, SIDE) VALUES (100168, 100023, 0); -- PBL01 A-01-03 
INSERT INTO LOCATION_GROUP_MEMBER_DEF(LG_ID_IN, L_ID, SIDE) VALUES (100168, 100024, 0); -- PBL01 A-01-04 
INSERT INTO LOCATION_GROUP_MEMBER_DEF(LG_ID_IN, L_ID, SIDE) VALUES (100168, 100025, 0); -- PBL01 A-01-05 
INSERT INTO LOCATION_GROUP_MEMBER_DEF(LG_ID_IN, L_ID, SIDE) VALUES (100168, 100026, 0); -- PBL01 A-01-06
INSERT INTO LOCATION_GROUP_MEMBER_DEF(LG_ID_IN, L_ID, SIDE) VALUES (100168, 100027, 0); -- PBL01 A-01-07 
INSERT INTO LOCATION_GROUP_MEMBER_DEF(LG_ID_IN, L_ID, SIDE) VALUES (100168, 100028, 0); -- PBL01 A-01-08 
INSERT INTO LOCATION_GROUP_MEMBER_DEF(LG_ID_IN, L_ID, SIDE) VALUES (100168, 100029, 0); -- PBL01 A-01-09 
INSERT INTO LOCATION_GROUP_MEMBER_DEF(LG_ID_IN, L_ID, SIDE) VALUES (100168, 100030, 0); -- PBL01 A-01-10 
INSERT INTO LOCATION_GROUP_MEMBER_DEF(LG_ID_IN, L_ID, SIDE) VALUES (100168, 100031, 0); -- PBL01 A-01-11 
INSERT INTO LOCATION_GROUP_MEMBER_DEF(LG_ID_IN, L_ID, SIDE) VALUES (100168, 100032, 0); -- PBL01 A-01-12

INSERT INTO LOCATION_GROUP_MEMBER_DEF(LG_ID_IN, L_ID, SIDE) VALUES (100168, 100033, 0); -- PBL01 A-01-13
INSERT INTO LOCATION_GROUP_MEMBER_DEF(LG_ID_IN, L_ID, SIDE) VALUES (100168, 100034, 0); -- PBL01 A-01-14
INSERT INTO LOCATION_GROUP_MEMBER_DEF(LG_ID_IN, L_ID, SIDE) VALUES (100168, 100035, 0); -- PBL01 A-01-15
INSERT INTO LOCATION_GROUP_MEMBER_DEF(LG_ID_IN, L_ID, SIDE) VALUES (100168, 100036, 0); -- PBL01 A-01-16
INSERT INTO LOCATION_GROUP_MEMBER_DEF(LG_ID_IN, L_ID, SIDE) VALUES (100168, 100037, 0); -- PBL01 A-01-17
INSERT INTO LOCATION_GROUP_MEMBER_DEF(LG_ID_IN, L_ID, SIDE) VALUES (100168, 100038, 0); -- PBL01 A-01-18
INSERT INTO LOCATION_GROUP_MEMBER_DEF(LG_ID_IN, L_ID, SIDE) VALUES (100168, 100039, 0); -- PBL01 A-01-19
INSERT INTO LOCATION_GROUP_MEMBER_DEF(LG_ID_IN, L_ID, SIDE) VALUES (100168, 100040, 0); -- PBL01 A-01-20
INSERT INTO LOCATION_GROUP_MEMBER_DEF(LG_ID_IN, L_ID, SIDE) VALUES (100168, 100041, 0); -- PBL01 A-01-21
INSERT INTO LOCATION_GROUP_MEMBER_DEF(LG_ID_IN, L_ID, SIDE) VALUES (100168, 100042, 0); -- PBL01 A-01-22
INSERT INTO LOCATION_GROUP_MEMBER_DEF(LG_ID_IN, L_ID, SIDE) VALUES (100168, 100043, 0); -- PBL01 A-01-23
INSERT INTO LOCATION_GROUP_MEMBER_DEF(LG_ID_IN, L_ID, SIDE) VALUES (100168, 100044, 0); -- PBL01 A-01-24
INSERT INTO LOCATION_GROUP_MEMBER_DEF(LG_ID_IN, L_ID, SIDE) VALUES (100168, 100045, 0); -- PBL01 A-01-25
INSERT INTO LOCATION_GROUP_MEMBER_DEF(LG_ID_IN, L_ID, SIDE) VALUES (100168, 100046, 0); -- PBL01 A-01-26
INSERT INTO LOCATION_GROUP_MEMBER_DEF(LG_ID_IN, L_ID, SIDE) VALUES (100168, 100047, 0); -- PBL01 A-01-27 
INSERT INTO LOCATION_GROUP_MEMBER_DEF(LG_ID_IN, L_ID, SIDE) VALUES (100168, 100048, 0); -- PBL01 A-01-28 
INSERT INTO LOCATION_GROUP_MEMBER_DEF(LG_ID_IN, L_ID, SIDE) VALUES (100168, 100049, 0); -- PBL01 A-01-29 
INSERT INTO LOCATION_GROUP_MEMBER_DEF(LG_ID_IN, L_ID, SIDE) VALUES (100168, 100050, 0); -- PBL01 A-01-30
INSERT INTO LOCATION_GROUP_MEMBER_DEF(LG_ID_IN, L_ID, SIDE) VALUES (100168, 100051, 0); -- PBL01 A-01-31 
INSERT INTO LOCATION_GROUP_MEMBER_DEF(LG_ID_IN, L_ID, SIDE) VALUES (100168, 100052, 0); -- PBL01 A-01-32 
INSERT INTO LOCATION_GROUP_MEMBER_DEF(LG_ID_IN, L_ID, SIDE) VALUES (100168, 100053, 0); -- PBL01 A-01-33 
INSERT INTO LOCATION_GROUP_MEMBER_DEF(LG_ID_IN, L_ID, SIDE) VALUES (100168, 100054, 0); -- PBL01 A-01-34
INSERT INTO LOCATION_GROUP_MEMBER_DEF(LG_ID_IN, L_ID, SIDE) VALUES (100168, 100055, 0); -- PBL01 A-01-35
INSERT INTO LOCATION_GROUP_MEMBER_DEF(LG_ID_IN, L_ID, SIDE) VALUES (100168, 100056, 0); -- PBL01 A-01-36

INSERT INTO LOCATION_GROUP_MEMBER_DEF(LG_ID_IN, L_ID, SIDE) VALUES (100168, 100057, 0); -- PBL01 A-01-37 
INSERT INTO LOCATION_GROUP_MEMBER_DEF(LG_ID_IN, L_ID, SIDE) VALUES (100168, 100058, 0); -- PBL01 A-01-38 
INSERT INTO LOCATION_GROUP_MEMBER_DEF(LG_ID_IN, L_ID, SIDE) VALUES (100168, 100059, 0); -- PBL01 A-01-39 
INSERT INTO LOCATION_GROUP_MEMBER_DEF(LG_ID_IN, L_ID, SIDE) VALUES (100168, 100060, 0); -- PBL01 A-01-40 
INSERT INTO LOCATION_GROUP_MEMBER_DEF(LG_ID_IN, L_ID, SIDE) VALUES (100168, 100061, 0); -- PBL01 A-01-41 
INSERT INTO LOCATION_GROUP_MEMBER_DEF(LG_ID_IN, L_ID, SIDE) VALUES (100168, 100062, 0); -- PBL01 A-01-42
INSERT INTO LOCATION_GROUP_MEMBER_DEF(LG_ID_IN, L_ID, SIDE) VALUES (100168, 100063, 0); -- PBL01 A-01-43 
INSERT INTO LOCATION_GROUP_MEMBER_DEF(LG_ID_IN, L_ID, SIDE) VALUES (100168, 100064, 0); -- PBL01 A-01-44 
INSERT INTO LOCATION_GROUP_MEMBER_DEF(LG_ID_IN, L_ID, SIDE) VALUES (100168, 100065, 0); -- PBL01 A-01-45 
INSERT INTO LOCATION_GROUP_MEMBER_DEF(LG_ID_IN, L_ID, SIDE) VALUES (100168, 100066, 0); -- PBL01 A-01-46 
INSERT INTO LOCATION_GROUP_MEMBER_DEF(LG_ID_IN, L_ID, SIDE) VALUES (100168, 100067, 0); -- PBL01 A-01-47 
INSERT INTO LOCATION_GROUP_MEMBER_DEF(LG_ID_IN, L_ID, SIDE) VALUES (100168, 100068, 0); -- PBL01 A-01-48
INSERT INTO LOCATION_GROUP_MEMBER_DEF(LG_ID_IN, L_ID, SIDE) VALUES (100168, 100069, 0); -- PBL01 A-01-49 
INSERT INTO LOCATION_GROUP_MEMBER_DEF(LG_ID_IN, L_ID, SIDE) VALUES (100168, 100070, 0); -- PBL01 A-01-50 
INSERT INTO LOCATION_GROUP_MEMBER_DEF(LG_ID_IN, L_ID, SIDE) VALUES (100168, 100071, 0); -- PBL01 A-01-51 
INSERT INTO LOCATION_GROUP_MEMBER_DEF(LG_ID_IN, L_ID, SIDE) VALUES (100168, 100072, 0); -- PBL01 A-01-52 
INSERT INTO LOCATION_GROUP_MEMBER_DEF(LG_ID_IN, L_ID, SIDE) VALUES (100168, 100073, 0); -- PBL01 A-01-53 
INSERT INTO LOCATION_GROUP_MEMBER_DEF(LG_ID_IN, L_ID, SIDE) VALUES (100168, 100074, 0); -- PBL01 A-01-54
INSERT INTO LOCATION_GROUP_MEMBER_DEF(LG_ID_IN, L_ID, SIDE) VALUES (100168, 100075, 0); -- PBL01 A-01-55 
INSERT INTO LOCATION_GROUP_MEMBER_DEF(LG_ID_IN, L_ID, SIDE) VALUES (100168, 100076, 0); -- PBL01 A-01-56 
INSERT INTO LOCATION_GROUP_MEMBER_DEF(LG_ID_IN, L_ID, SIDE) VALUES (100168, 100077, 0); -- PBL01 A-01-57 
INSERT INTO LOCATION_GROUP_MEMBER_DEF(LG_ID_IN, L_ID, SIDE) VALUES (100168, 100078, 0); -- PBL01 A-01-58 
INSERT INTO LOCATION_GROUP_MEMBER_DEF(LG_ID_IN, L_ID, SIDE) VALUES (100168, 100079, 0); -- PBL01 A-01-59 
INSERT INTO LOCATION_GROUP_MEMBER_DEF(LG_ID_IN, L_ID, SIDE) VALUES (100168, 100080, 0); -- PBL01 A-01-60



--- Ver depois

INSERT INTO LOCATION_GROUP_MEMBER_DEF(LG_ID_IN, LG_ID, SIDE) VALUES (100165, 100168, 0); -- PBL-AREA-01 PBL01 
INSERT INTO LOCATION_GROUP_MEMBER_DEF(LG_ID_IN, LG_ID, SIDE) VALUES (100166, 100169, 0); -- PBL-AREA-02 PBL02 
INSERT INTO LOCATION_GROUP_MEMBER_DEF(LG_ID_IN, LG_ID, SIDE) VALUES (100165, 100170, 0); -- PBL-AREA-01 PBL03 
INSERT INTO LOCATION_GROUP_MEMBER_DEF(LG_ID_IN, LG_ID, SIDE) VALUES (100166, 100171, 0); -- PBL-AREA-02 PBL04
INSERT INTO LOCATION_GROUP_MEMBER_DEF(LG_ID_IN, LG_ID, SIDE) VALUES (100165, 100172, 0); -- PBL-AREA-01 PBL05 
INSERT INTO LOCATION_GROUP_MEMBER_DEF(LG_ID_IN, LG_ID, SIDE) VALUES (100166, 100173, 0); -- PBL-AREA-02 PBL06
INSERT INTO LOCATION_GROUP_MEMBER_DEF(LG_ID_IN, LG_ID, SIDE) VALUES (100165, 100174, 0); -- PBL-AREA-01 PBL07 
INSERT INTO LOCATION_GROUP_MEMBER_DEF(LG_ID_IN, LG_ID, SIDE) VALUES (100166, 100175, 0); -- PBL-AREA-02 PBL08
INSERT INTO LOCATION_GROUP_MEMBER_DEF(LG_ID_IN, LG_ID, SIDE) VALUES (100165, 100176, 0); -- PBL-AREA-01 PBL09 
INSERT INTO LOCATION_GROUP_MEMBER_DEF(LG_ID_IN, LG_ID, SIDE) VALUES (100166, 100177, 0); -- PBL-AREA-02 PBL10
INSERT INTO LOCATION_GROUP_MEMBER_DEF(LG_ID_IN, LG_ID, SIDE) VALUES (100165, 100178, 0); -- PBL-AREA-01 PBL11
INSERT INTO LOCATION_GROUP_MEMBER_DEF(LG_ID_IN, LG_ID, SIDE) VALUES (100166, 100179, 0); -- PBL-AREA-02 PBL12
                                                                             


INSERT INTO LOCATION_GROUP_MEMBER_DEF(LG_ID_IN, LG_ID, SIDE) VALUES (100167, 100180, 0); -- PBL-AREA-03 PBL13
INSERT INTO LOCATION_GROUP_MEMBER_DEF(LG_ID_IN, LG_ID, SIDE) VALUES (100167, 100181, 0); -- PBL-AREA-03 PBL14
INSERT INTO LOCATION_GROUP_MEMBER_DEF(LG_ID_IN, LG_ID, SIDE) VALUES (100167, 100182, 0); -- PBL-AREA-03 PBL15
INSERT INTO LOCATION_GROUP_MEMBER_DEF(LG_ID_IN, LG_ID, SIDE) VALUES (100167, 100183, 0); -- PBL-AREA-03 PBL16
INSERT INTO LOCATION_GROUP_MEMBER_DEF(LG_ID_IN, LG_ID, SIDE) VALUES (100167, 100184, 0); -- PBL-AREA-03 PBL17
INSERT INTO LOCATION_GROUP_MEMBER_DEF(LG_ID_IN, LG_ID, SIDE) VALUES (100167, 100185, 0); -- PBL-AREA-03 PBL18
INSERT INTO LOCATION_GROUP_MEMBER_DEF(LG_ID_IN, LG_ID, SIDE) VALUES (100167, 100186, 0); -- PBL-AREA-03 PBL19
INSERT INTO LOCATION_GROUP_MEMBER_DEF(LG_ID_IN, LG_ID, SIDE) VALUES (100167, 100187, 0); -- PBL-AREA-03 PBL20



INSERT INTO LOCATION_GROUP_MEMBER_DEF(LG_ID_IN, LG_ID, SIDE) VALUES (100207, 100165, 0); -- MANUAL_AREA PBL-AREA-01 
INSERT INTO LOCATION_GROUP_MEMBER_DEF(LG_ID_IN, LG_ID, SIDE) VALUES (100207, 100166, 0); -- MANUAL_AREA PBL-AREA-02 
INSERT INTO LOCATION_GROUP_MEMBER_DEF(LG_ID_IN, LG_ID, SIDE) VALUES (100207, 100167, 0); -- MANUAL_AREA PBL-AREA-03 



--------------------------------- LOCATION_GROUP_USAGE_DEF --------------------------------------------------------

INSERT INTO LOCATION_GROUP_USAGE_DEF(LG_ID,LGP_ID)VALUES(100165,1010);  -- PBL-AREA-01 
INSERT INTO LOCATION_GROUP_USAGE_DEF(LG_ID,LGP_ID)VALUES(100166,1010);  -- PBL-AREA-02 
INSERT INTO LOCATION_GROUP_USAGE_DEF(LG_ID,LGP_ID)VALUES(100167,1010);  -- PBL-AREA-03 

INSERT INTO LOCATION_GROUP_USAGE_DEF(LG_ID,LGP_ID,STATION)VALUES(100168,1011,'PBL01');
INSERT INTO LOCATION_GROUP_USAGE_DEF(LG_ID,LGP_ID,STATION)VALUES(100169,1011,'PBL02');
INSERT INTO LOCATION_GROUP_USAGE_DEF(LG_ID,LGP_ID,STATION)VALUES(100170,1011,'PBL03');
INSERT INTO LOCATION_GROUP_USAGE_DEF(LG_ID,LGP_ID,STATION)VALUES(100171,1011,'PBL04');
INSERT INTO LOCATION_GROUP_USAGE_DEF(LG_ID,LGP_ID,STATION)VALUES(100172,1011,'PBL05');
INSERT INTO LOCATION_GROUP_USAGE_DEF(LG_ID,LGP_ID,STATION)VALUES(100173,1011,'PBL06');
INSERT INTO LOCATION_GROUP_USAGE_DEF(LG_ID,LGP_ID,STATION)VALUES(100174,1011,'PBL07');
INSERT INTO LOCATION_GROUP_USAGE_DEF(LG_ID,LGP_ID,STATION)VALUES(100175,1011,'PBL08');
INSERT INTO LOCATION_GROUP_USAGE_DEF(LG_ID,LGP_ID,STATION)VALUES(100176,1011,'PBL09');
INSERT INTO LOCATION_GROUP_USAGE_DEF(LG_ID,LGP_ID,STATION)VALUES(100177,1011,'PBL10');
INSERT INTO LOCATION_GROUP_USAGE_DEF(LG_ID,LGP_ID,STATION)VALUES(100178,1011,'PBL11');
INSERT INTO LOCATION_GROUP_USAGE_DEF(LG_ID,LGP_ID,STATION)VALUES(100179,1011,'PBL12');
INSERT INTO LOCATION_GROUP_USAGE_DEF(LG_ID,LGP_ID,STATION)VALUES(100180,1011,'PBL13');
INSERT INTO LOCATION_GROUP_USAGE_DEF(LG_ID,LGP_ID,STATION)VALUES(100181,1011,'PBL14');
INSERT INTO LOCATION_GROUP_USAGE_DEF(LG_ID,LGP_ID,STATION)VALUES(100182,1011,'PBL15');
INSERT INTO LOCATION_GROUP_USAGE_DEF(LG_ID,LGP_ID,STATION)VALUES(100183,1011,'PBL16');
INSERT INTO LOCATION_GROUP_USAGE_DEF(LG_ID,LGP_ID,STATION)VALUES(100184,1011,'PBL17');
INSERT INTO LOCATION_GROUP_USAGE_DEF(LG_ID,LGP_ID,STATION)VALUES(100185,1011,'PBL18');
INSERT INTO LOCATION_GROUP_USAGE_DEF(LG_ID,LGP_ID,STATION)VALUES(100186,1011,'PBL19');
INSERT INTO LOCATION_GROUP_USAGE_DEF(LG_ID,LGP_ID,STATION)VALUES(100187,1011,'PBL20');


INSERT INTO LOCATION_GROUP_USAGE_DEF(LG_ID,LGP_ID,STATION)VALUES(100168,150,'PBL01');
INSERT INTO LOCATION_GROUP_USAGE_DEF(LG_ID,LGP_ID,STATION)VALUES(100169,150,'PBL02');
INSERT INTO LOCATION_GROUP_USAGE_DEF(LG_ID,LGP_ID,STATION)VALUES(100170,150,'PBL03');
INSERT INTO LOCATION_GROUP_USAGE_DEF(LG_ID,LGP_ID,STATION)VALUES(100171,150,'PBL04');
INSERT INTO LOCATION_GROUP_USAGE_DEF(LG_ID,LGP_ID,STATION)VALUES(100172,150,'PBL05');
INSERT INTO LOCATION_GROUP_USAGE_DEF(LG_ID,LGP_ID,STATION)VALUES(100173,150,'PBL06');
INSERT INTO LOCATION_GROUP_USAGE_DEF(LG_ID,LGP_ID,STATION)VALUES(100174,150,'PBL07');
INSERT INTO LOCATION_GROUP_USAGE_DEF(LG_ID,LGP_ID,STATION)VALUES(100175,150,'PBL08');
INSERT INTO LOCATION_GROUP_USAGE_DEF(LG_ID,LGP_ID,STATION)VALUES(100176,150,'PBL09');
INSERT INTO LOCATION_GROUP_USAGE_DEF(LG_ID,LGP_ID,STATION)VALUES(100177,150,'PBL10');
INSERT INTO LOCATION_GROUP_USAGE_DEF(LG_ID,LGP_ID,STATION)VALUES(100178,150,'PBL11');
INSERT INTO LOCATION_GROUP_USAGE_DEF(LG_ID,LGP_ID,STATION)VALUES(100179,150,'PBL12');
INSERT INTO LOCATION_GROUP_USAGE_DEF(LG_ID,LGP_ID,STATION)VALUES(100180,150,'PBL13');
INSERT INTO LOCATION_GROUP_USAGE_DEF(LG_ID,LGP_ID,STATION)VALUES(100181,150,'PBL14');
INSERT INTO LOCATION_GROUP_USAGE_DEF(LG_ID,LGP_ID,STATION)VALUES(100182,150,'PBL15');
INSERT INTO LOCATION_GROUP_USAGE_DEF(LG_ID,LGP_ID,STATION)VALUES(100183,150,'PBL16');
INSERT INTO LOCATION_GROUP_USAGE_DEF(LG_ID,LGP_ID,STATION)VALUES(100184,150,'PBL17');
INSERT INTO LOCATION_GROUP_USAGE_DEF(LG_ID,LGP_ID,STATION)VALUES(100185,150,'PBL18');
INSERT INTO LOCATION_GROUP_USAGE_DEF(LG_ID,LGP_ID,STATION)VALUES(100186,150,'PBL19');
INSERT INTO LOCATION_GROUP_USAGE_DEF(LG_ID,LGP_ID,STATION)VALUES(100187,150,'PBL20');




INSERT INTO LOCATION_GROUP_USAGE_DEF(LG_ID,LGP_ID,STATION)VALUES(100168,910,'PBL01');
INSERT INTO LOCATION_GROUP_USAGE_DEF(LG_ID,LGP_ID,STATION)VALUES(100169,910,'PBL02');
INSERT INTO LOCATION_GROUP_USAGE_DEF(LG_ID,LGP_ID,STATION)VALUES(100170,910,'PBL03');
INSERT INTO LOCATION_GROUP_USAGE_DEF(LG_ID,LGP_ID,STATION)VALUES(100171,910,'PBL04');
INSERT INTO LOCATION_GROUP_USAGE_DEF(LG_ID,LGP_ID,STATION)VALUES(100172,910,'PBL05');
INSERT INTO LOCATION_GROUP_USAGE_DEF(LG_ID,LGP_ID,STATION)VALUES(100173,910,'PBL06');
INSERT INTO LOCATION_GROUP_USAGE_DEF(LG_ID,LGP_ID,STATION)VALUES(100174,910,'PBL07');
INSERT INTO LOCATION_GROUP_USAGE_DEF(LG_ID,LGP_ID,STATION)VALUES(100175,910,'PBL08');
INSERT INTO LOCATION_GROUP_USAGE_DEF(LG_ID,LGP_ID,STATION)VALUES(100176,910,'PBL09');
INSERT INTO LOCATION_GROUP_USAGE_DEF(LG_ID,LGP_ID,STATION)VALUES(100177,910,'PBL10');
INSERT INTO LOCATION_GROUP_USAGE_DEF(LG_ID,LGP_ID,STATION)VALUES(100178,910,'PBL11');
INSERT INTO LOCATION_GROUP_USAGE_DEF(LG_ID,LGP_ID,STATION)VALUES(100179,910,'PBL12');
INSERT INTO LOCATION_GROUP_USAGE_DEF(LG_ID,LGP_ID,STATION)VALUES(100180,910,'PBL13');
INSERT INTO LOCATION_GROUP_USAGE_DEF(LG_ID,LGP_ID,STATION)VALUES(100181,910,'PBL14');
INSERT INTO LOCATION_GROUP_USAGE_DEF(LG_ID,LGP_ID,STATION)VALUES(100182,910,'PBL15');
INSERT INTO LOCATION_GROUP_USAGE_DEF(LG_ID,LGP_ID,STATION)VALUES(100183,910,'PBL16');
INSERT INTO LOCATION_GROUP_USAGE_DEF(LG_ID,LGP_ID,STATION)VALUES(100184,910,'PBL17');
INSERT INTO LOCATION_GROUP_USAGE_DEF(LG_ID,LGP_ID,STATION)VALUES(100185,910,'PBL18');
INSERT INTO LOCATION_GROUP_USAGE_DEF(LG_ID,LGP_ID,STATION)VALUES(100186,910,'PBL19');
INSERT INTO LOCATION_GROUP_USAGE_DEF(LG_ID,LGP_ID,STATION)VALUES(100187,910,'PBL20');





INSERT INTO LOCATION_GROUP_USAGE_DEF(LG_ID,LGP_ID)VALUES(100001,150);
INSERT INTO LOCATION_GROUP_USAGE_DEF(LG_ID,LGP_ID)VALUES(100001,910);

INSERT INTO LOCATION_GROUP_USAGE_DEF(LG_ID,LGP_ID)VALUES(100002,150);
INSERT INTO LOCATION_GROUP_USAGE_DEF(LG_ID,LGP_ID)VALUES(100002,910);


INSERT INTO LOCATION_GROUP_HIERARCHY(LG_ID,LG_ID_IN,SIDE)VALUES(100001,100001,0);
INSERT INTO LOCATION_GROUP_HIERARCHY(LG_ID,LG_ID_IN,SIDE)VALUES(100002,100002,0);






















