XXXXXXXXXXXXXXXXXXXXXXXXXXXXXXXXXXXXXXXXXXXXXXXXXXXXXXXXXXXXXXXXXXXXXXXXXXXXXXXXXXXXXXXXXXXXXXXXXXXX
XXXXXXXXXXXXXXXXXXXXXXXXXXXXXXXXXXXXXXXXXXXXXXXXXXXXXXXXXXXXXXXXXXXXXXXXXXXXXXXXXXXXXXXXXXXXXXXXXXXX
									CONTROLLER 
XXXXXXXXXXXXXXXXXXXXXXXXXXXXXXXXXXXXXXXXXXXXXXXXXXXXXXXXXXXXXXXXXXXXXXXXXXXXXXXXXXXXXXXXXXXXXXXXXXXX

INSERT INTO CONTROLLER (CTL_ID, CTL_NAME, QUEUE_TYPE, QUEUE, AQ_PROCEDURE) VALUES ('0','NONE','BOSS','','');
INSERT INTO CONTROLLER (CTL_ID, CTL_NAME, QUEUE_TYPE, QUEUE, AQ_PROCEDURE) VALUES ('3','MFS','BOSS','steuer','');
INSERT INTO CONTROLLER (CTL_ID, CTL_NAME, QUEUE_TYPE, QUEUE, AQ_PROCEDURE) VALUES ('11','PDC','BOSS','','');
INSERT INTO CONTROLLER (CTL_ID, CTL_NAME, QUEUE_TYPE, QUEUE, AQ_PROCEDURE) VALUES ('21','PBL','BOSS','','');
INSERT INTO CONTROLLER (CTL_ID, CTL_NAME, QUEUE_TYPE, QUEUE, AQ_PROCEDURE) VALUES ('100','PACO_SMC','BOSS','paco_smc','');
INSERT INTO CONTROLLER (CTL_ID, CTL_NAME, QUEUE_TYPE, QUEUE, AQ_PROCEDURE) VALUES ('101','PACO_SCS_PCK','BOSS','paco_scs_pck','');
INSERT INTO CONTROLLER (CTL_ID, CTL_NAME, QUEUE_TYPE, QUEUE, AQ_PROCEDURE) VALUES ('102','PACO_SCS_SHP','BOSS','paco_scs_shp','');
INSERT INTO CONTROLLER (CTL_ID, CTL_NAME, QUEUE_TYPE, QUEUE, AQ_PROCEDURE) VALUES ('103','PACO_CUBY','BOSS','paco_cuby','');

SELECT * FROM CONTROLLER;
--DELETE FROM CONTROLLER;

XXXXXXXXXXXXXXXXXXXXXXXXXXXXXXXXXXXXXXXXXXXXXXXXXXXXXXXXXXXXXXXXXXXXXXXXXXXXXXXXXXXXXXXXXXXXXXXXXXXX
XXXXXXXXXXXXXXXXXXXXXXXXXXXXXXXXXXXXXXXXXXXXXXXXXXXXXXXXXXXXXXXXXXXXXXXXXXXXXXXXXXXXXXXXXXXXXXXXXXXX
									EVENT_PARAMETER_TYPE  
XXXXXXXXXXXXXXXXXXXXXXXXXXXXXXXXXXXXXXXXXXXXXXXXXXXXXXXXXXXXXXXXXXXXXXXXXXXXXXXXXXXXXXXXXXXXXXXXXXXX

INSERT INTO EVENT_PARAMETER_TYPE (EPT_ID, EPT_CODE, REFERING_MENU_URI) VALUES ('1','ORDER_CODE','pcs.orders.picking');
INSERT INTO EVENT_PARAMETER_TYPE (EPT_ID, EPT_CODE, REFERING_MENU_URI) VALUES ('2','DEVICE_SMC','pcs.smc.statistic.movements');
INSERT INTO EVENT_PARAMETER_TYPE (EPT_ID, EPT_CODE, REFERING_MENU_URI) VALUES ('3','TU_CODE','pcs.transportunit.stock');
INSERT INTO EVENT_PARAMETER_TYPE (EPT_ID, EPT_CODE, REFERING_MENU_URI) VALUES ('9000','CUSTOM_PARAMETER','pcs.orders.picking');

SELECT * FROM EVENT_PARAMETER_TYPE;
--DELETE FROM EVENT_PARAMETER_TYPE;
	
XXXXXXXXXXXXXXXXXXXXXXXXXXXXXXXXXXXXXXXXXXXXXXXXXXXXXXXXXXXXXXXXXXXXXXXXXXXXXXXXXXXXXXXXXXXXXXXXXXXX
XXXXXXXXXXXXXXXXXXXXXXXXXXXXXXXXXXXXXXXXXXXXXXXXXXXXXXXXXXXXXXXXXXXXXXXXXXXXXXXXXXXXXXXXXXXXXXXXXXXX
									EVENT_PARAMETER_TYPE_MAP  
XXXXXXXXXXXXXXXXXXXXXXXXXXXXXXXXXXXXXXXXXXXXXXXXXXXXXXXXXXXXXXXXXXXXXXXXXXXXXXXXXXXXXXXXXXXXXXXXXXXX

INSERT INTO EVENT_PARAMETER_TYPE_MAP (EPT_ID, ET_ID) VALUES ('1','1');
INSERT INTO EVENT_PARAMETER_TYPE_MAP (EPT_ID, ET_ID) VALUES ('1','2');
INSERT INTO EVENT_PARAMETER_TYPE_MAP (EPT_ID, ET_ID) VALUES ('2','3');
INSERT INTO EVENT_PARAMETER_TYPE_MAP (EPT_ID, ET_ID) VALUES ('3','1');
INSERT INTO EVENT_PARAMETER_TYPE_MAP (EPT_ID, ET_ID) VALUES ('3','4');
INSERT INTO EVENT_PARAMETER_TYPE_MAP (EPT_ID, ET_ID) VALUES ('9000','9000');

SELECT * FROM EVENT_PARAMETER_TYPE_MAP;
--DELETE FROM EVENT_PARAMETER_TYPE_MAP;

XXXXXXXXXXXXXXXXXXXXXXXXXXXXXXXXXXXXXXXXXXXXXXXXXXXXXXXXXXXXXXXXXXXXXXXXXXXXXXXXXXXXXXXXXXXXXXXXXXXX
XXXXXXXXXXXXXXXXXXXXXXXXXXXXXXXXXXXXXXXXXXXXXXXXXXXXXXXXXXXXXXXXXXXXXXXXXXXXXXXXXXXXXXXXXXXXXXXXXXXX
									EVENT_SEVERITY 
XXXXXXXXXXXXXXXXXXXXXXXXXXXXXXXXXXXXXXXXXXXXXXXXXXXXXXXXXXXXXXXXXXXXXXXXXXXXXXXXXXXXXXXXXXXXXXXXXXXX

INSERT INTO EVENT_SEVERITY (ES_ID, SEVERITY_LEVEL, SEVERITY_NAME) VALUES ('1','1','INFORMATION');
INSERT INTO EVENT_SEVERITY (ES_ID, SEVERITY_LEVEL, SEVERITY_NAME) VALUES ('2','5','WARNING');
INSERT INTO EVENT_SEVERITY (ES_ID, SEVERITY_LEVEL, SEVERITY_NAME) VALUES ('3','9','ERROR');
INSERT INTO EVENT_SEVERITY (ES_ID, SEVERITY_LEVEL, SEVERITY_NAME) VALUES ('4','99','FATAL');

SELECT * FROM EVENT_SEVERITY;
--DELETE FROM EVENT_SEVERITY;

XXXXXXXXXXXXXXXXXXXXXXXXXXXXXXXXXXXXXXXXXXXXXXXXXXXXXXXXXXXXXXXXXXXXXXXXXXXXXXXXXXXXXXXXXXXXXXXXXXXX
XXXXXXXXXXXXXXXXXXXXXXXXXXXXXXXXXXXXXXXXXXXXXXXXXXXXXXXXXXXXXXXXXXXXXXXXXXXXXXXXXXXXXXXXXXXXXXXXXXXX
									EVENT_TYPE 
XXXXXXXXXXXXXXXXXXXXXXXXXXXXXXXXXXXXXXXXXXXXXXXXXXXXXXXXXXXXXXXXXXXXXXXXXXXXXXXXXXXXXXXXXXXXXXXXXXXX

INSERT INTO EVENT_TYPE (ET_ID, ET_CODE, ET_DESCRIPTION, ES_ID) VALUES ('1','ORDER_FINISHED','Order completed in WAMAS','1');
INSERT INTO EVENT_TYPE (ET_ID, ET_CODE, ET_DESCRIPTION, ES_ID) VALUES ('2','ORDER_CANCELED','Order canceld in WAMAS','2');
INSERT INTO EVENT_TYPE (ET_ID, ET_CODE, ET_DESCRIPTION, ES_ID) VALUES ('3','DEVICE_ERROR','Device in error state','4');
INSERT INTO EVENT_TYPE (ET_ID, ET_CODE, ET_DESCRIPTION, ES_ID) VALUES ('4','CIRCULATION_LIMIT_EXCEEDED','Transport Unit circulated to many times','3');
INSERT INTO EVENT_TYPE (ET_ID, ET_CODE, ET_DESCRIPTION, ES_ID) VALUES ('9000','CUSTOM_EXAMPLE','Custom Event Type example','1');

SELECT * FROM EVENT_TYPE;
--DELETE FROM EVENT_TYPE;

XXXXXXXXXXXXXXXXXXXXXXXXXXXXXXXXXXXXXXXXXXXXXXXXXXXXXXXXXXXXXXXXXXXXXXXXXXXXXXXXXXXXXXXXXXXXXXXXXXXX
XXXXXXXXXXXXXXXXXXXXXXXXXXXXXXXXXXXXXXXXXXXXXXXXXXXXXXXXXXXXXXXXXXXXXXXXXXXXXXXXXXXXXXXXXXXXXXXXXXXX
									GLB_DOMAIN_KEY
XXXXXXXXXXXXXXXXXXXXXXXXXXXXXXXXXXXXXXXXXXXXXXXXXXXXXXXXXXXXXXXXXXXXXXXXXXXXXXXXXXXXXXXXXXXXXXXXXXXX

INSERT INTO GLB_DOMAIN_KEY (GDK_ID, CATEGORY, MAJOR_SUB, MINOR_SUB, KEY, MEANING) VALUES ('1','ORDER_OT_CHECK','*','ACTIVE','250','COMPACTION');
INSERT INTO GLB_DOMAIN_KEY (GDK_ID, CATEGORY, MAJOR_SUB, MINOR_SUB, KEY, MEANING) VALUES ('2','ORDER_OT_CHECK','*','ACTIVE','40','CONTAINER_RETRIEVAL');
INSERT INTO GLB_DOMAIN_KEY (GDK_ID, CATEGORY, MAJOR_SUB, MINOR_SUB, KEY, MEANING) VALUES ('3','ORDER_OT_CHECK','*','ACTIVE','30','CONTAINER_STORAGE');
INSERT INTO GLB_DOMAIN_KEY (GDK_ID, CATEGORY, MAJOR_SUB, MINOR_SUB, KEY, MEANING) VALUES ('4','ORDER_OT_CHECK','*','CLOSED','260','DIRECT_IN');
INSERT INTO GLB_DOMAIN_KEY (GDK_ID, CATEGORY, MAJOR_SUB, MINOR_SUB, KEY, MEANING) VALUES ('5','ORDER_OT_CHECK','*','CLOSED','255','DIRECT_OUT');
INSERT INTO GLB_DOMAIN_KEY (GDK_ID, CATEGORY, MAJOR_SUB, MINOR_SUB, KEY, MEANING) VALUES ('6','ORDER_OT_CHECK','*','ACTIVE','100','EMPTY_TRANSPORT_UNIT');
INSERT INTO GLB_DOMAIN_KEY (GDK_ID, CATEGORY, MAJOR_SUB, MINOR_SUB, KEY, MEANING) VALUES ('7','ORDER_OT_CHECK','*','ACTIVE','20','ERROR');
INSERT INTO GLB_DOMAIN_KEY (GDK_ID, CATEGORY, MAJOR_SUB, MINOR_SUB, KEY, MEANING) VALUES ('8','ORDER_OT_CHECK','*','ACTIVE','130','GOODSIN');
INSERT INTO GLB_DOMAIN_KEY (GDK_ID, CATEGORY, MAJOR_SUB, MINOR_SUB, KEY, MEANING) VALUES ('9','ORDER_OT_CHECK','*','ACTIVE','131','GOODSIN_INTERNAL');
INSERT INTO GLB_DOMAIN_KEY (GDK_ID, CATEGORY, MAJOR_SUB, MINOR_SUB, KEY, MEANING) VALUES ('10','ORDER_OT_CHECK','*','ACTIVE','133','GOODSIN_TU_STOCK');
INSERT INTO GLB_DOMAIN_KEY (GDK_ID, CATEGORY, MAJOR_SUB, MINOR_SUB, KEY, MEANING) VALUES ('11','ORDER_OT_CHECK','*','ACTIVE','190','INVENTORY_LOCATION');
INSERT INTO GLB_DOMAIN_KEY (GDK_ID, CATEGORY, MAJOR_SUB, MINOR_SUB, KEY, MEANING) VALUES ('12','ORDER_OT_CHECK','*','ACTIVE','193','INVENTORY_LOCATION_GROUP');
INSERT INTO GLB_DOMAIN_KEY (GDK_ID, CATEGORY, MAJOR_SUB, MINOR_SUB, KEY, MEANING) VALUES ('13','ORDER_OT_CHECK','*','CLOSED','180','INVENTORY_PRODUCT');
INSERT INTO GLB_DOMAIN_KEY (GDK_ID, CATEGORY, MAJOR_SUB, MINOR_SUB, KEY, MEANING) VALUES ('14','ORDER_OT_CHECK','*','CLOSED','200','INVENTORY_TRANSPORT_UNIT');
INSERT INTO GLB_DOMAIN_KEY (GDK_ID, CATEGORY, MAJOR_SUB, MINOR_SUB, KEY, MEANING) VALUES ('15','ORDER_OT_CHECK','*','ACTIVE','195','INVENTORY_ZERO_CROSSING');
INSERT INTO GLB_DOMAIN_KEY (GDK_ID, CATEGORY, MAJOR_SUB, MINOR_SUB, KEY, MEANING) VALUES ('16','ORDER_OT_CHECK','*','ACTIVE','110','NESTED_CONTAINER');
INSERT INTO GLB_DOMAIN_KEY (GDK_ID, CATEGORY, MAJOR_SUB, MINOR_SUB, KEY, MEANING) VALUES ('17','ORDER_OT_CHECK','*','ACTIVE','0','NONE');
INSERT INTO GLB_DOMAIN_KEY (GDK_ID, CATEGORY, MAJOR_SUB, MINOR_SUB, KEY, MEANING) VALUES ('18','ORDER_OT_CHECK','*','ACTIVE','135','PACK_FOR_OVERSTOCK');
INSERT INTO GLB_DOMAIN_KEY (GDK_ID, CATEGORY, MAJOR_SUB, MINOR_SUB, KEY, MEANING) VALUES ('19','ORDER_OT_CHECK','*','ACTIVE','150','PICK');
INSERT INTO GLB_DOMAIN_KEY (GDK_ID, CATEGORY, MAJOR_SUB, MINOR_SUB, KEY, MEANING) VALUES ('20','ORDER_OT_CHECK','*','ACTIVE','151','PICK_BULK');
INSERT INTO GLB_DOMAIN_KEY (GDK_ID, CATEGORY, MAJOR_SUB, MINOR_SUB, KEY, MEANING) VALUES ('21','ORDER_OT_CHECK','*','ACTIVE','152','PICK_CASE');
INSERT INTO GLB_DOMAIN_KEY (GDK_ID, CATEGORY, MAJOR_SUB, MINOR_SUB, KEY, MEANING) VALUES ('22','ORDER_OT_CHECK','*','ACTIVE','155','PICK_COMPOSITE');
INSERT INTO GLB_DOMAIN_KEY (GDK_ID, CATEGORY, MAJOR_SUB, MINOR_SUB, KEY, MEANING) VALUES ('23','ORDER_OT_CHECK','*','ACTIVE','158','PICK_COOL');
INSERT INTO GLB_DOMAIN_KEY (GDK_ID, CATEGORY, MAJOR_SUB, MINOR_SUB, KEY, MEANING) VALUES ('24','ORDER_OT_CHECK','*','ACTIVE','240','PRODUCT_MOVE');
INSERT INTO GLB_DOMAIN_KEY (GDK_ID, CATEGORY, MAJOR_SUB, MINOR_SUB, KEY, MEANING) VALUES ('25','ORDER_OT_CHECK','*','ACTIVE','220','RECALL');
INSERT INTO GLB_DOMAIN_KEY (GDK_ID, CATEGORY, MAJOR_SUB, MINOR_SUB, KEY, MEANING) VALUES ('26','ORDER_OT_CHECK','*','ACTIVE','221','RECALL_INTERNAL');
INSERT INTO GLB_DOMAIN_KEY (GDK_ID, CATEGORY, MAJOR_SUB, MINOR_SUB, KEY, MEANING) VALUES ('27','ORDER_OT_CHECK','*','ACTIVE','161','REFILL');
INSERT INTO GLB_DOMAIN_KEY (GDK_ID, CATEGORY, MAJOR_SUB, MINOR_SUB, KEY, MEANING) VALUES ('28','ORDER_OT_CHECK','*','ACTIVE','230','REPACK');
INSERT INTO GLB_DOMAIN_KEY (GDK_ID, CATEGORY, MAJOR_SUB, MINOR_SUB, KEY, MEANING) VALUES ('29','ORDER_OT_CHECK','*','ACTIVE','160','REPLENISHMENT');
INSERT INTO GLB_DOMAIN_KEY (GDK_ID, CATEGORY, MAJOR_SUB, MINOR_SUB, KEY, MEANING) VALUES ('30','ORDER_OT_CHECK','*','ACTIVE','162','REPLENISHMENT_AREA');
INSERT INTO GLB_DOMAIN_KEY (GDK_ID, CATEGORY, MAJOR_SUB, MINOR_SUB, KEY, MEANING) VALUES ('31','ORDER_OT_CHECK','*','ACTIVE','300','SHIPPING');
INSERT INTO GLB_DOMAIN_KEY (GDK_ID, CATEGORY, MAJOR_SUB, MINOR_SUB, KEY, MEANING) VALUES ('32','ORDER_OT_CHECK','*','ACTIVE','102','WMS_REARRANGEMENT');
INSERT INTO GLB_DOMAIN_KEY (GDK_ID, CATEGORY, MAJOR_SUB, MINOR_SUB, KEY, MEANING) VALUES ('33','ORDER_OT_CHECK','*','ACTIVE','210','STOCK_CORRECTION');
INSERT INTO GLB_DOMAIN_KEY (GDK_ID, CATEGORY, MAJOR_SUB, MINOR_SUB, KEY, MEANING) VALUES ('34','ORDER_OT_CHECK','*','ACTIVE','231','STOCK_CREDENTIAL_MODIFICATION');
INSERT INTO GLB_DOMAIN_KEY (GDK_ID, CATEGORY, MAJOR_SUB, MINOR_SUB, KEY, MEANING) VALUES ('35','ORDER_OT_CHECK','*','CLOSED','280','STOCK_MOVEMENT');
INSERT INTO GLB_DOMAIN_KEY (GDK_ID, CATEGORY, MAJOR_SUB, MINOR_SUB, KEY, MEANING) VALUES ('36','ORDER_OT_CHECK','*','ACTIVE','132','STORAGE_COOL');
INSERT INTO GLB_DOMAIN_KEY (GDK_ID, CATEGORY, MAJOR_SUB, MINOR_SUB, KEY, MEANING) VALUES ('37','LOCATIONGROUPSIDE','*','','1','GET');
INSERT INTO GLB_DOMAIN_KEY (GDK_ID, CATEGORY, MAJOR_SUB, MINOR_SUB, KEY, MEANING) VALUES ('38','LOCATIONGROUPSIDE','*','','0','GET_PUT');
INSERT INTO GLB_DOMAIN_KEY (GDK_ID, CATEGORY, MAJOR_SUB, MINOR_SUB, KEY, MEANING) VALUES ('39','LOCATIONGROUPSIDE','*','','2','PUT');
INSERT INTO GLB_DOMAIN_KEY (GDK_ID, CATEGORY, MAJOR_SUB, MINOR_SUB, KEY, MEANING) VALUES ('40','ORDER_FLAG','ORDER_LINE_REQUEST','','ALLOW_LOCATION_SCAN','Flag to indicate if a location scan is allowed as confirmation');
INSERT INTO GLB_DOMAIN_KEY (GDK_ID, CATEGORY, MAJOR_SUB, MINOR_SUB, KEY, MEANING) VALUES ('41','ORDER_FLAG','ORDER_LINE_REQUEST','','ARTICLE_WEIGHT','Customer sent flag for articleweight during goodsin');
INSERT INTO GLB_DOMAIN_KEY (GDK_ID, CATEGORY, MAJOR_SUB, MINOR_SUB, KEY, MEANING) VALUES ('42','ORDER_FLAG','ORDER_HEADER','','BARCODE','Barcode for order line request sent during goods in');
INSERT INTO GLB_DOMAIN_KEY (GDK_ID, CATEGORY, MAJOR_SUB, MINOR_SUB, KEY, MEANING) VALUES ('43','ORDER_FLAG','ORDER_REQUEST','','BARCODE_SCAN_REQUIRED','Scan of barcode is required.');
INSERT INTO GLB_DOMAIN_KEY (GDK_ID, CATEGORY, MAJOR_SUB, MINOR_SUB, KEY, MEANING) VALUES ('44','ORDER_FLAG','ORDER_LINE_REQUEST','','BARCODE_SCAN_REQUIRED','Scan of barcode is required.');
INSERT INTO GLB_DOMAIN_KEY (GDK_ID, CATEGORY, MAJOR_SUB, MINOR_SUB, KEY, MEANING) VALUES ('45','ORDER_FLAG','ORDER_HEADER','','BARCODE_SCAN_REQUIRED','Scan of barcode is required.');
INSERT INTO GLB_DOMAIN_KEY (GDK_ID, CATEGORY, MAJOR_SUB, MINOR_SUB, KEY, MEANING) VALUES ('46','ORDER_FLAG','ORDER_LINE','','BARCODE_SCAN_REQUIRED','Scan of barcode is required.');
INSERT INTO GLB_DOMAIN_KEY (GDK_ID, CATEGORY, MAJOR_SUB, MINOR_SUB, KEY, MEANING) VALUES ('47','ORDER_FLAG','ORDER_LINE_REQUEST','','BILL_OF_LADING','Bill Of Lading on OLRQ for SDMCOR');
INSERT INTO GLB_DOMAIN_KEY (GDK_ID, CATEGORY, MAJOR_SUB, MINOR_SUB, KEY, MEANING) VALUES ('48','ORDER_FLAG','ORDER_LINE','','BUFFERED_ID','The buffered source OLF when batch picking processes the current line');
INSERT INTO GLB_DOMAIN_KEY (GDK_ID, CATEGORY, MAJOR_SUB, MINOR_SUB, KEY, MEANING) VALUES ('49','ORDER_FLAG','ORDER_LINE_REQUEST','','CARTON_BARCODE','flag contains the barcode of a carton');
INSERT INTO GLB_DOMAIN_KEY (GDK_ID, CATEGORY, MAJOR_SUB, MINOR_SUB, KEY, MEANING) VALUES ('191','TUSSTATUS','*','ACTIVE','0','NEW');
INSERT INTO GLB_DOMAIN_KEY (GDK_ID, CATEGORY, MAJOR_SUB, MINOR_SUB, KEY, MEANING) VALUES ('192','TUSSTATUS','*','ACTIVE','-10','RESERVED_FOR_COMPACTION');
INSERT INTO GLB_DOMAIN_KEY (GDK_ID, CATEGORY, MAJOR_SUB, MINOR_SUB, KEY, MEANING) VALUES ('193','TUSSTATUS','*','ACTIVE','-20','PARTIAL_QUANTITY');
INSERT INTO GLB_DOMAIN_KEY (GDK_ID, CATEGORY, MAJOR_SUB, MINOR_SUB, KEY, MEANING) VALUES ('194','SBLSTATUS','*','ACTIVE','0','ACTIVE');
INSERT INTO GLB_DOMAIN_KEY (GDK_ID, CATEGORY, MAJOR_SUB, MINOR_SUB, KEY, MEANING) VALUES ('195','SBLSTATUS','*','CLOSED','99','INACTIVE');
INSERT INTO GLB_DOMAIN_KEY (GDK_ID, CATEGORY, MAJOR_SUB, MINOR_SUB, KEY, MEANING) VALUES ('196','SBLTYPE','*','ACTIVE','10','ORDINARY');
INSERT INTO GLB_DOMAIN_KEY (GDK_ID, CATEGORY, MAJOR_SUB, MINOR_SUB, KEY, MEANING) VALUES ('197','OVTSTATUS','*','CLOSED','50','FINISHED');
INSERT INTO GLB_DOMAIN_KEY (GDK_ID, CATEGORY, MAJOR_SUB, MINOR_SUB, KEY, MEANING) VALUES ('198','OVTSTATUS','*','ACTIVE','0','NEW');
INSERT INTO GLB_DOMAIN_KEY (GDK_ID, CATEGORY, MAJOR_SUB, MINOR_SUB, KEY, MEANING) VALUES ('199','OVTSTATUS','*','ACTIVE','5','STARTED');
INSERT INTO GLB_DOMAIN_KEY (GDK_ID, CATEGORY, MAJOR_SUB, MINOR_SUB, KEY, MEANING) VALUES ('200','TRANSPORT_FLAG','TRANSPORT_UNIT','','JUNIT_TEST_FLAG','TestFlag for unit tests');
INSERT INTO GLB_DOMAIN_KEY (GDK_ID, CATEGORY, MAJOR_SUB, MINOR_SUB, KEY, MEANING) VALUES ('201','TRANSPORT_FLAG','TRANSPORT_UNIT_BIN','','JUNIT_TEST_FLAG','TestFlag for unit tests');
INSERT INTO GLB_DOMAIN_KEY (GDK_ID, CATEGORY, MAJOR_SUB, MINOR_SUB, KEY, MEANING) VALUES ('202','TRANSPORT_FLAG','TRANSPORT_UNIT_STOCK','','JUNIT_TEST_FLAG','TestFlag for unit tests');
INSERT INTO GLB_DOMAIN_KEY (GDK_ID, CATEGORY, MAJOR_SUB, MINOR_SUB, KEY, MEANING) VALUES ('203','TRANSPORT_FLAG','TRANSPORT_UNIT','','JUNIT_TEST_FLAG_1','TestFlag1 for unit tests');
INSERT INTO GLB_DOMAIN_KEY (GDK_ID, CATEGORY, MAJOR_SUB, MINOR_SUB, KEY, MEANING) VALUES ('204','TRANSPORT_FLAG','TRANSPORT_UNIT_BIN','','JUNIT_TEST_FLAG_1','TestFlag1 for unit tests');
INSERT INTO GLB_DOMAIN_KEY (GDK_ID, CATEGORY, MAJOR_SUB, MINOR_SUB, KEY, MEANING) VALUES ('205','TRANSPORT_FLAG','TRANSPORT_UNIT_STOCK','','JUNIT_TEST_FLAG_1','TestFlag1 for unit tests');
INSERT INTO GLB_DOMAIN_KEY (GDK_ID, CATEGORY, MAJOR_SUB, MINOR_SUB, KEY, MEANING) VALUES ('206','TRANSPORT_FLAG','TRANSPORT_UNIT','','TU_HEIGHT','the (measured) height of the transport unit');
INSERT INTO GLB_DOMAIN_KEY (GDK_ID, CATEGORY, MAJOR_SUB, MINOR_SUB, KEY, MEANING) VALUES ('207','TRANSPORT_FLAG','TRANSPORT_UNIT','','TU_LENGTH','the (measured) length of the transport unit');
INSERT INTO GLB_DOMAIN_KEY (GDK_ID, CATEGORY, MAJOR_SUB, MINOR_SUB, KEY, MEANING) VALUES ('208','TRANSPORT_FLAG','TRANSPORT_UNIT','','TU_WIDTH','the (measured) width of the transport unit');
INSERT INTO GLB_DOMAIN_KEY (GDK_ID, CATEGORY, MAJOR_SUB, MINOR_SUB, KEY, MEANING) VALUES ('209','TRANSPORT_FLAG','TRANSPORT_UNIT','','USED_TU','Flags a used transport unit/tote');
INSERT INTO GLB_DOMAIN_KEY (GDK_ID, CATEGORY, MAJOR_SUB, MINOR_SUB, KEY, MEANING) VALUES ('210','TRANSPORT_FLAG','TRANSPORT_UNIT','','TU_ORIENTATION','Flag used to save orientation of Transport Unit');
INSERT INTO GLB_DOMAIN_KEY (GDK_ID, CATEGORY, MAJOR_SUB, MINOR_SUB, KEY, MEANING) VALUES ('211','TRANSPORT_FLAG','TRANSPORT_UNIT','','STORAGE_FLAG','reception date for the sku inside transport unit');
INSERT INTO GLB_DOMAIN_KEY (GDK_ID, CATEGORY, MAJOR_SUB, MINOR_SUB, KEY, MEANING) VALUES ('212','TRANSPORT_FLAG','TRANSPORT_UNIT','','TU_STORAGE_ZONE','storage flag for transport unit');
INSERT INTO GLB_DOMAIN_KEY (GDK_ID, CATEGORY, MAJOR_SUB, MINOR_SUB, KEY, MEANING) VALUES ('213','APLSTATUS','*','CLOSED','-20','CANCEL_HOST');
INSERT INTO GLB_DOMAIN_KEY (GDK_ID, CATEGORY, MAJOR_SUB, MINOR_SUB, KEY, MEANING) VALUES ('214','APLSTATUS','*','CLOSED','-10','CANCEL_SYSTEM');
INSERT INTO GLB_DOMAIN_KEY (GDK_ID, CATEGORY, MAJOR_SUB, MINOR_SUB, KEY, MEANING) VALUES ('215','APLSTATUS','*','CLOSED','-30','CANCEL_USER');
INSERT INTO GLB_DOMAIN_KEY (GDK_ID, CATEGORY, MAJOR_SUB, MINOR_SUB, KEY, MEANING) VALUES ('216','APLSTATUS','*','ACTIVE','20','EXECUTED');
INSERT INTO GLB_DOMAIN_KEY (GDK_ID, CATEGORY, MAJOR_SUB, MINOR_SUB, KEY, MEANING) VALUES ('217','APLSTATUS','*','CLOSED','50','FINISHED');
INSERT INTO GLB_DOMAIN_KEY (GDK_ID, CATEGORY, MAJOR_SUB, MINOR_SUB, KEY, MEANING) VALUES ('218','APLSTATUS','*','ACTIVE','0','NEW');
INSERT INTO GLB_DOMAIN_KEY (GDK_ID, CATEGORY, MAJOR_SUB, MINOR_SUB, KEY, MEANING) VALUES ('219','APLSTATUS','*','ACTIVE','10','PREPARED');
INSERT INTO GLB_DOMAIN_KEY (GDK_ID, CATEGORY, MAJOR_SUB, MINOR_SUB, KEY, MEANING) VALUES ('220','APHSTATUS','*','ACTIVE','20','ACTIVE');
INSERT INTO GLB_DOMAIN_KEY (GDK_ID, CATEGORY, MAJOR_SUB, MINOR_SUB, KEY, MEANING) VALUES ('221','APHSTATUS','*','CLOSED','-20','CANCEL_HOST');
INSERT INTO GLB_DOMAIN_KEY (GDK_ID, CATEGORY, MAJOR_SUB, MINOR_SUB, KEY, MEANING) VALUES ('222','APHSTATUS','*','CLOSED','-10','CANCEL_SYSTEM');
INSERT INTO GLB_DOMAIN_KEY (GDK_ID, CATEGORY, MAJOR_SUB, MINOR_SUB, KEY, MEANING) VALUES ('223','APHSTATUS','*','CLOSED','-30','CANCEL_USER');
INSERT INTO GLB_DOMAIN_KEY (GDK_ID, CATEGORY, MAJOR_SUB, MINOR_SUB, KEY, MEANING) VALUES ('224','APHSTATUS','*','CLOSED','50','FINISHED');
INSERT INTO GLB_DOMAIN_KEY (GDK_ID, CATEGORY, MAJOR_SUB, MINOR_SUB, KEY, MEANING) VALUES ('225','APHSTATUS','*','ACTIVE','0','NEW');
INSERT INTO GLB_DOMAIN_KEY (GDK_ID, CATEGORY, MAJOR_SUB, MINOR_SUB, KEY, MEANING) VALUES ('226','APESTATUS','*','CLOSED','-20','CANCEL_HOST');
INSERT INTO GLB_DOMAIN_KEY (GDK_ID, CATEGORY, MAJOR_SUB, MINOR_SUB, KEY, MEANING) VALUES ('227','APESTATUS','*','CLOSED','-10','CANCEL_SYSTEM');
INSERT INTO GLB_DOMAIN_KEY (GDK_ID, CATEGORY, MAJOR_SUB, MINOR_SUB, KEY, MEANING) VALUES ('228','APESTATUS','*','CLOSED','-30','CANCEL_USER');
INSERT INTO GLB_DOMAIN_KEY (GDK_ID, CATEGORY, MAJOR_SUB, MINOR_SUB, KEY, MEANING) VALUES ('229','APESTATUS','*','CLOSED','50','FINISHED');
INSERT INTO GLB_DOMAIN_KEY (GDK_ID, CATEGORY, MAJOR_SUB, MINOR_SUB, KEY, MEANING) VALUES ('230','APESTATUS','*','ACTIVE','30','IN_PROGRESS');
INSERT INTO GLB_DOMAIN_KEY (GDK_ID, CATEGORY, MAJOR_SUB, MINOR_SUB, KEY, MEANING) VALUES ('231','APESTATUS','*','ACTIVE','0','NEW');
INSERT INTO GLB_DOMAIN_KEY (GDK_ID, CATEGORY, MAJOR_SUB, MINOR_SUB, KEY, MEANING) VALUES ('232','APESTATUS','*','ACTIVE','10','PREPARED');
INSERT INTO GLB_DOMAIN_KEY (GDK_ID, CATEGORY, MAJOR_SUB, MINOR_SUB, KEY, MEANING) VALUES ('233','APESTATUS','*','ACTIVE','20','STARTED');
INSERT INTO GLB_DOMAIN_KEY (GDK_ID, CATEGORY, MAJOR_SUB, MINOR_SUB, KEY, MEANING) VALUES ('234','APDSTATUS','*','ACTIVE','20','APPROVED');
INSERT INTO GLB_DOMAIN_KEY (GDK_ID, CATEGORY, MAJOR_SUB, MINOR_SUB, KEY, MEANING) VALUES ('235','APDSTATUS','*','CLOSED','-20','CANCEL_HOST');
INSERT INTO GLB_DOMAIN_KEY (GDK_ID, CATEGORY, MAJOR_SUB, MINOR_SUB, KEY, MEANING) VALUES ('236','APDSTATUS','*','CLOSED','-10','CANCEL_SYSTEM');
INSERT INTO GLB_DOMAIN_KEY (GDK_ID, CATEGORY, MAJOR_SUB, MINOR_SUB, KEY, MEANING) VALUES ('237','APDSTATUS','*','CLOSED','-30','CANCEL_USER');
INSERT INTO GLB_DOMAIN_KEY (GDK_ID, CATEGORY, MAJOR_SUB, MINOR_SUB, KEY, MEANING) VALUES ('238','APDSTATUS','*','CLOSED','50','FINISHED');
INSERT INTO GLB_DOMAIN_KEY (GDK_ID, CATEGORY, MAJOR_SUB, MINOR_SUB, KEY, MEANING) VALUES ('239','APDSTATUS','*','ACTIVE','0','NEW');
INSERT INTO GLB_DOMAIN_KEY (GDK_ID, CATEGORY, MAJOR_SUB, MINOR_SUB, KEY, MEANING) VALUES ('50','ORDER_FLAG','ORDER_LINE','','CHECKED','was ol checked and where was checked');
INSERT INTO GLB_DOMAIN_KEY (GDK_ID, CATEGORY, MAJOR_SUB, MINOR_SUB, KEY, MEANING) VALUES ('51','ORDER_FLAG','ORDER_HEADER','','COMPARTMENT','flag contains the compartment number of order by multiorder handling');
INSERT INTO GLB_DOMAIN_KEY (GDK_ID, CATEGORY, MAJOR_SUB, MINOR_SUB, KEY, MEANING) VALUES ('52','ORDER_FLAG','ORDER_HEADER','','DEST_TU_TYPE','used for repack orders, identifies the desired destination tut to be filled dur');
INSERT INTO GLB_DOMAIN_KEY (GDK_ID, CATEGORY, MAJOR_SUB, MINOR_SUB, KEY, MEANING) VALUES ('53','ORDER_FLAG','ORDER_REQUEST','','EMPTY_TOTE_RETRIEVAL','marks orders as empty tote retrieval');
INSERT INTO GLB_DOMAIN_KEY (GDK_ID, CATEGORY, MAJOR_SUB, MINOR_SUB, KEY, MEANING) VALUES ('54','ORDER_FLAG','ORDER_LINE_REQUEST','','EXPECTED_WEIGHT','the expected weight');
INSERT INTO GLB_DOMAIN_KEY (GDK_ID, CATEGORY, MAJOR_SUB, MINOR_SUB, KEY, MEANING) VALUES ('55','ORDER_FLAG','ORDER_REQUEST','','JUNIT_TEST_FLAG','Flag for UnitTests');
INSERT INTO GLB_DOMAIN_KEY (GDK_ID, CATEGORY, MAJOR_SUB, MINOR_SUB, KEY, MEANING) VALUES ('56','ORDER_FLAG','ORDER_LINE_REQUEST','','JUNIT_TEST_FLAG','Flag for UnitTests');
INSERT INTO GLB_DOMAIN_KEY (GDK_ID, CATEGORY, MAJOR_SUB, MINOR_SUB, KEY, MEANING) VALUES ('57','ORDER_FLAG','ORDER_HEADER','','JUNIT_TEST_FLAG','Flag for UnitTests');
INSERT INTO GLB_DOMAIN_KEY (GDK_ID, CATEGORY, MAJOR_SUB, MINOR_SUB, KEY, MEANING) VALUES ('58','ORDER_FLAG','ORDER_LINE','','JUNIT_TEST_FLAG','Flag for UnitTests');
INSERT INTO GLB_DOMAIN_KEY (GDK_ID, CATEGORY, MAJOR_SUB, MINOR_SUB, KEY, MEANING) VALUES ('59','ORDER_FLAG','MOVEMENT_ORDER','','JUNIT_TEST_FLAG','Flag for UnitTests');
INSERT INTO GLB_DOMAIN_KEY (GDK_ID, CATEGORY, MAJOR_SUB, MINOR_SUB, KEY, MEANING) VALUES ('60','ORDER_FLAG','ORDER_REQUEST','','JUNIT_TEST_FLAG_1','Flag for UnitTests');
INSERT INTO GLB_DOMAIN_KEY (GDK_ID, CATEGORY, MAJOR_SUB, MINOR_SUB, KEY, MEANING) VALUES ('61','ORDER_FLAG','ORDER_LINE_REQUEST','','JUNIT_TEST_FLAG_1','Flag for UnitTests');
INSERT INTO GLB_DOMAIN_KEY (GDK_ID, CATEGORY, MAJOR_SUB, MINOR_SUB, KEY, MEANING) VALUES ('62','ORDER_FLAG','ORDER_HEADER','','JUNIT_TEST_FLAG_1','Flag for UnitTests');
INSERT INTO GLB_DOMAIN_KEY (GDK_ID, CATEGORY, MAJOR_SUB, MINOR_SUB, KEY, MEANING) VALUES ('63','ORDER_FLAG','ORDER_LINE','','JUNIT_TEST_FLAG_1','Flag for UnitTests');
INSERT INTO GLB_DOMAIN_KEY (GDK_ID, CATEGORY, MAJOR_SUB, MINOR_SUB, KEY, MEANING) VALUES ('64','ORDER_FLAG','MOVEMENT_ORDER','','JUNIT_TEST_FLAG_1','Flag for UnitTests');
INSERT INTO GLB_DOMAIN_KEY (GDK_ID, CATEGORY, MAJOR_SUB, MINOR_SUB, KEY, MEANING) VALUES ('65','ORDER_FLAG','ORDER_REQUEST','','JUNIT_TEST_FLAG_2','Flag for UnitTests');
INSERT INTO GLB_DOMAIN_KEY (GDK_ID, CATEGORY, MAJOR_SUB, MINOR_SUB, KEY, MEANING) VALUES ('66','ORDER_FLAG','ORDER_LINE_REQUEST','','JUNIT_TEST_FLAG_2','Flag for UnitTests');
INSERT INTO GLB_DOMAIN_KEY (GDK_ID, CATEGORY, MAJOR_SUB, MINOR_SUB, KEY, MEANING) VALUES ('67','ORDER_FLAG','ORDER_HEADER','','JUNIT_TEST_FLAG_2','Flag for UnitTests');
INSERT INTO GLB_DOMAIN_KEY (GDK_ID, CATEGORY, MAJOR_SUB, MINOR_SUB, KEY, MEANING) VALUES ('68','ORDER_FLAG','ORDER_LINE','','JUNIT_TEST_FLAG_2','Flag for UnitTests');
INSERT INTO GLB_DOMAIN_KEY (GDK_ID, CATEGORY, MAJOR_SUB, MINOR_SUB, KEY, MEANING) VALUES ('69','ORDER_FLAG','MOVEMENT_ORDER','','JUNIT_TEST_FLAG_2','Flag for UnitTests');
INSERT INTO GLB_DOMAIN_KEY (GDK_ID, CATEGORY, MAJOR_SUB, MINOR_SUB, KEY, MEANING) VALUES ('70','ORDER_FLAG','ORDER_REQUEST','','ORDER_TYPE_TO_SET','Use this as Convey Order Type');
INSERT INTO GLB_DOMAIN_KEY (GDK_ID, CATEGORY, MAJOR_SUB, MINOR_SUB, KEY, MEANING) VALUES ('71','ORDER_FLAG','ORDER_REQUEST','','ORDERREC_STATE_TO_SET','Which ordertype to set for orderrec');
INSERT INTO GLB_DOMAIN_KEY (GDK_ID, CATEGORY, MAJOR_SUB, MINOR_SUB, KEY, MEANING) VALUES ('72','ORDER_FLAG','ORDER_LINE','','OV_OVTD_ID','flag containing OVTD_ID (see OV_TRACE_DETAIL)');
INSERT INTO GLB_DOMAIN_KEY (GDK_ID, CATEGORY, MAJOR_SUB, MINOR_SUB, KEY, MEANING) VALUES ('73','ORDER_FLAG','ORDER_HEADER','','PALLET_CODE','TuCode of Pallet for totes palletized');
INSERT INTO GLB_DOMAIN_KEY (GDK_ID, CATEGORY, MAJOR_SUB, MINOR_SUB, KEY, MEANING) VALUES ('74','ORDER_FLAG','ORDER_HEADER','','PALLETIZER','Destination palletizer if one is already assigned to a order.');
INSERT INTO GLB_DOMAIN_KEY (GDK_ID, CATEGORY, MAJOR_SUB, MINOR_SUB, KEY, MEANING) VALUES ('75','ORDER_FLAG','ORDER_LINE','','PICK_SEQUENCE','The location sequence number of the host.');
INSERT INTO GLB_DOMAIN_KEY (GDK_ID, CATEGORY, MAJOR_SUB, MINOR_SUB, KEY, MEANING) VALUES ('76','ORDER_FLAG','ORDER_LINE_REQUEST','','PICK_SEQUENCE','The location sequence number of the host.');
INSERT INTO GLB_DOMAIN_KEY (GDK_ID, CATEGORY, MAJOR_SUB, MINOR_SUB, KEY, MEANING) VALUES ('77','ORDER_FLAG','ORDER_LINE_REQUEST','','PO_NUMBER','Purchase Order Number on OLRQ for SDMCOR');
INSERT INTO GLB_DOMAIN_KEY (GDK_ID, CATEGORY, MAJOR_SUB, MINOR_SUB, KEY, MEANING) VALUES ('78','ORDER_FLAG','ORDER_REQUEST','','PRINT','print flag');
INSERT INTO GLB_DOMAIN_KEY (GDK_ID, CATEGORY, MAJOR_SUB, MINOR_SUB, KEY, MEANING) VALUES ('79','ORDER_FLAG','ORDER_REQUEST','','REF_ID','the barcode for goodsin case');
INSERT INTO GLB_DOMAIN_KEY (GDK_ID, CATEGORY, MAJOR_SUB, MINOR_SUB, KEY, MEANING) VALUES ('80','ORDER_FLAG','ORDER_HEADER','','RESTART_REASON','Reason why a tote/OH was restarted');
INSERT INTO GLB_DOMAIN_KEY (GDK_ID, CATEGORY, MAJOR_SUB, MINOR_SUB, KEY, MEANING) VALUES ('81','ORDER_FLAG','ORDER_REQUEST','','SHAKE_TOTE','Indicator if an order tote should be shaked at automatic filling points.');
INSERT INTO GLB_DOMAIN_KEY (GDK_ID, CATEGORY, MAJOR_SUB, MINOR_SUB, KEY, MEANING) VALUES ('82','ORDER_FLAG','ORDER_HEADER','','SHAKE_TOTE','Indicator if an order tote should be shaked at automatic filling points.');
INSERT INTO GLB_DOMAIN_KEY (GDK_ID, CATEGORY, MAJOR_SUB, MINOR_SUB, KEY, MEANING) VALUES ('83','ORDER_FLAG','ORDER_HEADER','','SHIPPING_MENU','Indicator if some totes of a Route are started manually via the operator menu.');
INSERT INTO GLB_DOMAIN_KEY (GDK_ID, CATEGORY, MAJOR_SUB, MINOR_SUB, KEY, MEANING) VALUES ('84','ORDER_FLAG','ORDER_REQUEST','','START_STATION','start station for pick order');
INSERT INTO GLB_DOMAIN_KEY (GDK_ID, CATEGORY, MAJOR_SUB, MINOR_SUB, KEY, MEANING) VALUES ('85','ORDER_FLAG','ORDER_HEADER','','TOTE_DIRTY','flag for order_header if tote is marked as dirty at PTT');
INSERT INTO GLB_DOMAIN_KEY (GDK_ID, CATEGORY, MAJOR_SUB, MINOR_SUB, KEY, MEANING) VALUES ('86','ORDER_FLAG','ORDER_REQUEST','','TOUR_STOP_SEQUENCE','The Stop sequence for palletizing totes at the shipping buffer.');
INSERT INTO GLB_DOMAIN_KEY (GDK_ID, CATEGORY, MAJOR_SUB, MINOR_SUB, KEY, MEANING) VALUES ('87','ORDER_FLAG','ORDER_REQUEST','','TYPE_TO_SET','Use this as Convey Order Type');
INSERT INTO GLB_DOMAIN_KEY (GDK_ID, CATEGORY, MAJOR_SUB, MINOR_SUB, KEY, MEANING) VALUES ('88','ORDER_FLAG','ORDER_HEADER','','WAVE_ID','wave_id added to TU');
INSERT INTO GLB_DOMAIN_KEY (GDK_ID, CATEGORY, MAJOR_SUB, MINOR_SUB, KEY, MEANING) VALUES ('89','ORDER_FLAG','ORDER_LINE','','PRESET_QUANTITY','the fulfilled quantity prior to batch pick');
INSERT INTO GLB_DOMAIN_KEY (GDK_ID, CATEGORY, MAJOR_SUB, MINOR_SUB, KEY, MEANING) VALUES ('90','ORDER_FLAG','ORDER_REQUEST','','DIRECT_OUT_SOURCE_LG','Source location group for direct out orders');
INSERT INTO GLB_DOMAIN_KEY (GDK_ID, CATEGORY, MAJOR_SUB, MINOR_SUB, KEY, MEANING) VALUES ('91','MOSTATUS','*','CLOSED','-20','CANCEL_HOST');
INSERT INTO GLB_DOMAIN_KEY (GDK_ID, CATEGORY, MAJOR_SUB, MINOR_SUB, KEY, MEANING) VALUES ('92','MOSTATUS','*','CLOSED','-10','CANCEL_SYSTEM');
INSERT INTO GLB_DOMAIN_KEY (GDK_ID, CATEGORY, MAJOR_SUB, MINOR_SUB, KEY, MEANING) VALUES ('93','MOSTATUS','*','CLOSED','-30','CANCEL_USER');
INSERT INTO GLB_DOMAIN_KEY (GDK_ID, CATEGORY, MAJOR_SUB, MINOR_SUB, KEY, MEANING) VALUES ('94','MOSTATUS','*','CLOSED','50','FINISHED');
INSERT INTO GLB_DOMAIN_KEY (GDK_ID, CATEGORY, MAJOR_SUB, MINOR_SUB, KEY, MEANING) VALUES ('95','MOSTATUS','*','ACTIVE','5','IN_PROGRESS');
INSERT INTO GLB_DOMAIN_KEY (GDK_ID, CATEGORY, MAJOR_SUB, MINOR_SUB, KEY, MEANING) VALUES ('96','MOSTATUS','*','ACTIVE','0','NEW');
INSERT INTO GLB_DOMAIN_KEY (GDK_ID, CATEGORY, MAJOR_SUB, MINOR_SUB, KEY, MEANING) VALUES ('97','MOLSTATUS','*','CLOSED','-20','CANCEL_HOST');
INSERT INTO GLB_DOMAIN_KEY (GDK_ID, CATEGORY, MAJOR_SUB, MINOR_SUB, KEY, MEANING) VALUES ('98','MOLSTATUS','*','CLOSED','-10','CANCEL_SYSTEM');
INSERT INTO GLB_DOMAIN_KEY (GDK_ID, CATEGORY, MAJOR_SUB, MINOR_SUB, KEY, MEANING) VALUES ('99','MOLSTATUS','*','CLOSED','-30','CANCEL_USER');
INSERT INTO GLB_DOMAIN_KEY (GDK_ID, CATEGORY, MAJOR_SUB, MINOR_SUB, KEY, MEANING) VALUES ('100','MOLSTATUS','*','CLOSED','50','FINISHED');
INSERT INTO GLB_DOMAIN_KEY (GDK_ID, CATEGORY, MAJOR_SUB, MINOR_SUB, KEY, MEANING) VALUES ('101','MOLSTATUS','*','ACTIVE','5','IN_PROGRESS');
INSERT INTO GLB_DOMAIN_KEY (GDK_ID, CATEGORY, MAJOR_SUB, MINOR_SUB, KEY, MEANING) VALUES ('102','MOLSTATUS','*','ACTIVE','0','NEW');
INSERT INTO GLB_DOMAIN_KEY (GDK_ID, CATEGORY, MAJOR_SUB, MINOR_SUB, KEY, MEANING) VALUES ('103','MOVEMENTTYPE','*','','15','CORRECTION');
INSERT INTO GLB_DOMAIN_KEY (GDK_ID, CATEGORY, MAJOR_SUB, MINOR_SUB, KEY, MEANING) VALUES ('104','MOVEMENTTYPE','*','','7','DETRASH');
INSERT INTO GLB_DOMAIN_KEY (GDK_ID, CATEGORY, MAJOR_SUB, MINOR_SUB, KEY, MEANING) VALUES ('105','MOVEMENTTYPE','*','','30','DISPO');
INSERT INTO GLB_DOMAIN_KEY (GDK_ID, CATEGORY, MAJOR_SUB, MINOR_SUB, KEY, MEANING) VALUES ('106','MOVEMENTTYPE','*','','10','EMPTIED');
INSERT INTO GLB_DOMAIN_KEY (GDK_ID, CATEGORY, MAJOR_SUB, MINOR_SUB, KEY, MEANING) VALUES ('107','MOVEMENTTYPE','*','','20','ERROR');
INSERT INTO GLB_DOMAIN_KEY (GDK_ID, CATEGORY, MAJOR_SUB, MINOR_SUB, KEY, MEANING) VALUES ('108','MOVEMENTTYPE','*','','5','INVENTORY');
INSERT INTO GLB_DOMAIN_KEY (GDK_ID, CATEGORY, MAJOR_SUB, MINOR_SUB, KEY, MEANING) VALUES ('109','MOVEMENTTYPE','*','','50','MFS');
INSERT INTO GLB_DOMAIN_KEY (GDK_ID, CATEGORY, MAJOR_SUB, MINOR_SUB, KEY, MEANING) VALUES ('110','MOVEMENTTYPE','*','','6','PRODUCT_MOVE');
INSERT INTO GLB_DOMAIN_KEY (GDK_ID, CATEGORY, MAJOR_SUB, MINOR_SUB, KEY, MEANING) VALUES ('111','MOVEMENTTYPE','*','','9','REFILL');
INSERT INTO GLB_DOMAIN_KEY (GDK_ID, CATEGORY, MAJOR_SUB, MINOR_SUB, KEY, MEANING) VALUES ('112','MOVEMENTTYPE','*','','8','REPLENISH');
INSERT INTO GLB_DOMAIN_KEY (GDK_ID, CATEGORY, MAJOR_SUB, MINOR_SUB, KEY, MEANING) VALUES ('113','MOVEMENTTYPE','*','','250','REPLICATION');
INSERT INTO GLB_DOMAIN_KEY (GDK_ID, CATEGORY, MAJOR_SUB, MINOR_SUB, KEY, MEANING) VALUES ('114','MOVEMENTTYPE','*','','2','RETRIEVE');
INSERT INTO GLB_DOMAIN_KEY (GDK_ID, CATEGORY, MAJOR_SUB, MINOR_SUB, KEY, MEANING) VALUES ('115','MOVEMENTTYPE','*','','60','ROUTING');
INSERT INTO GLB_DOMAIN_KEY (GDK_ID, CATEGORY, MAJOR_SUB, MINOR_SUB, KEY, MEANING) VALUES ('116','MOVEMENTTYPE','*','','12','SHIPMENT_MFS');
INSERT INTO GLB_DOMAIN_KEY (GDK_ID, CATEGORY, MAJOR_SUB, MINOR_SUB, KEY, MEANING) VALUES ('117','MOVEMENTTYPE','*','','102','WMS_REARRANGEMENT');
INSERT INTO GLB_DOMAIN_KEY (GDK_ID, CATEGORY, MAJOR_SUB, MINOR_SUB, KEY, MEANING) VALUES ('118','MOVEMENTTYPE','*','','40','UNKWON_REMOVE_ME');
INSERT INTO GLB_DOMAIN_KEY (GDK_ID, CATEGORY, MAJOR_SUB, MINOR_SUB, KEY, MEANING) VALUES ('119','MOVEMENTTYPE','*','','1','STORE');
INSERT INTO GLB_DOMAIN_KEY (GDK_ID, CATEGORY, MAJOR_SUB, MINOR_SUB, KEY, MEANING) VALUES ('120','MOVEMENTTYPE','*','','3','STORE_RETRIEVE');
INSERT INTO GLB_DOMAIN_KEY (GDK_ID, CATEGORY, MAJOR_SUB, MINOR_SUB, KEY, MEANING) VALUES ('121','E2TSTATUS','*','CLOSED','99','DISABLED');
INSERT INTO GLB_DOMAIN_KEY (GDK_ID, CATEGORY, MAJOR_SUB, MINOR_SUB, KEY, MEANING) VALUES ('122','E2TSTATUS','*','ACTIVE','0','ENABLED');
INSERT INTO GLB_DOMAIN_KEY (GDK_ID, CATEGORY, MAJOR_SUB, MINOR_SUB, KEY, MEANING) VALUES ('123','ORDERSTATUS','*','CLOSED','-20','CANCEL_HOST');
INSERT INTO GLB_DOMAIN_KEY (GDK_ID, CATEGORY, MAJOR_SUB, MINOR_SUB, KEY, MEANING) VALUES ('124','ORDERSTATUS','*','CLOSED','-10','CANCEL_SYSTEM');
INSERT INTO GLB_DOMAIN_KEY (GDK_ID, CATEGORY, MAJOR_SUB, MINOR_SUB, KEY, MEANING) VALUES ('125','ORDERSTATUS','*','CLOSED','-30','CANCEL_USER');
INSERT INTO GLB_DOMAIN_KEY (GDK_ID, CATEGORY, MAJOR_SUB, MINOR_SUB, KEY, MEANING) VALUES ('126','ORDERSTATUS','*','ACTIVE','10','DISPOSED');
INSERT INTO GLB_DOMAIN_KEY (GDK_ID, CATEGORY, MAJOR_SUB, MINOR_SUB, KEY, MEANING) VALUES ('127','ORDERSTATUS','*','CLOSED','50','FINISHED');
INSERT INTO GLB_DOMAIN_KEY (GDK_ID, CATEGORY, MAJOR_SUB, MINOR_SUB, KEY, MEANING) VALUES ('128','ORDERSTATUS','*','ACTIVE','0','NEW');
INSERT INTO GLB_DOMAIN_KEY (GDK_ID, CATEGORY, MAJOR_SUB, MINOR_SUB, KEY, MEANING) VALUES ('129','ORDERSTATUS','*','ACTIVE','20','RESERVED');
INSERT INTO GLB_DOMAIN_KEY (GDK_ID, CATEGORY, MAJOR_SUB, MINOR_SUB, KEY, MEANING) VALUES ('130','ORDERSTATUS','*','ACTIVE','5','STARTED');
INSERT INTO GLB_DOMAIN_KEY (GDK_ID, CATEGORY, MAJOR_SUB, MINOR_SUB, KEY, MEANING) VALUES ('131','ORDERSTATUS','*','ACTIVE','48','TO_CANCEL_USER');
INSERT INTO GLB_DOMAIN_KEY (GDK_ID, CATEGORY, MAJOR_SUB, MINOR_SUB, KEY, MEANING) VALUES ('132','ORDERSTATUS','*','ACTIVE','45','TO_FINISH');
INSERT INTO GLB_DOMAIN_KEY (GDK_ID, CATEGORY, MAJOR_SUB, MINOR_SUB, KEY, MEANING) VALUES ('133','ORDERSTATUS','*','ACTIVE','30','CLEARING');
INSERT INTO GLB_DOMAIN_KEY (GDK_ID, CATEGORY, MAJOR_SUB, MINOR_SUB, KEY, MEANING) VALUES ('134','ORDERLINESTATUS','*','CLOSED','-20','CANCEL_HOST');
INSERT INTO GLB_DOMAIN_KEY (GDK_ID, CATEGORY, MAJOR_SUB, MINOR_SUB, KEY, MEANING) VALUES ('135','ORDERLINESTATUS','*','CLOSED','-10','CANCEL_SYSTEM');
INSERT INTO GLB_DOMAIN_KEY (GDK_ID, CATEGORY, MAJOR_SUB, MINOR_SUB, KEY, MEANING) VALUES ('136','ORDERLINESTATUS','*','CLOSED','-30','CANCEL_USER');
INSERT INTO GLB_DOMAIN_KEY (GDK_ID, CATEGORY, MAJOR_SUB, MINOR_SUB, KEY, MEANING) VALUES ('137','ORDERLINESTATUS','*','ACTIVE','10','DISPOSED');
INSERT INTO GLB_DOMAIN_KEY (GDK_ID, CATEGORY, MAJOR_SUB, MINOR_SUB, KEY, MEANING) VALUES ('138','ORDERLINESTATUS','*','CLOSED','50','FINISHED');
INSERT INTO GLB_DOMAIN_KEY (GDK_ID, CATEGORY, MAJOR_SUB, MINOR_SUB, KEY, MEANING) VALUES ('139','ORDERLINESTATUS','*','ACTIVE','45','FINISHED_NOT_PLACED');
INSERT INTO GLB_DOMAIN_KEY (GDK_ID, CATEGORY, MAJOR_SUB, MINOR_SUB, KEY, MEANING) VALUES ('140','ORDERLINESTATUS','*','ACTIVE','0','NEW');
INSERT INTO GLB_DOMAIN_KEY (GDK_ID, CATEGORY, MAJOR_SUB, MINOR_SUB, KEY, MEANING) VALUES ('141','ORDERLINESTATUS','*','ACTIVE','40','PICK_ERROR');
INSERT INTO GLB_DOMAIN_KEY (GDK_ID, CATEGORY, MAJOR_SUB, MINOR_SUB, KEY, MEANING) VALUES ('142','ORDERLINESTATUS','*','ACTIVE','20','RESERVED');
INSERT INTO GLB_DOMAIN_KEY (GDK_ID, CATEGORY, MAJOR_SUB, MINOR_SUB, KEY, MEANING) VALUES ('143','ORDERLINESTATUS','*','ACTIVE','30','SUSPENDED');
INSERT INTO GLB_DOMAIN_KEY (GDK_ID, CATEGORY, MAJOR_SUB, MINOR_SUB, KEY, MEANING) VALUES ('144','ORDERLINESTATUS','*','ACTIVE','7','POSTPONED');
INSERT INTO GLB_DOMAIN_KEY (GDK_ID, CATEGORY, MAJOR_SUB, MINOR_SUB, KEY, MEANING) VALUES ('145','MASTER_DATA_FLAG','CUSTOMER','','BARCODE_SCAN_REQUIRED','Scan of barcode is required.');
INSERT INTO GLB_DOMAIN_KEY (GDK_ID, CATEGORY, MAJOR_SUB, MINOR_SUB, KEY, MEANING) VALUES ('146','MASTER_DATA_FLAG','SKU','','BARCODE_SCAN_REQUIRED','Scan of barcode is required.');
INSERT INTO GLB_DOMAIN_KEY (GDK_ID, CATEGORY, MAJOR_SUB, MINOR_SUB, KEY, MEANING) VALUES ('147','MASTER_DATA_FLAG','SKU_BUNDLE','','BARCODE_SCAN_REQUIRED','Scan of barcode is required.');
INSERT INTO GLB_DOMAIN_KEY (GDK_ID, CATEGORY, MAJOR_SUB, MINOR_SUB, KEY, MEANING) VALUES ('148','MASTER_DATA_FLAG','LOCATION','','GUI_FUNCTIONALITY_AVAILABILITY','Available functionality for GUI');
INSERT INTO GLB_DOMAIN_KEY (GDK_ID, CATEGORY, MAJOR_SUB, MINOR_SUB, KEY, MEANING) VALUES ('149','MASTER_DATA_FLAG','LOCATION_GROUP','','GUI_FUNCTIONALITY_AVAILABILITY','Available functionality for GUI');
INSERT INTO GLB_DOMAIN_KEY (GDK_ID, CATEGORY, MAJOR_SUB, MINOR_SUB, KEY, MEANING) VALUES ('150','MASTER_DATA_FLAG','LOCATION','','JUNIT_TEST_FLAG','TestFlag for unit tests');
INSERT INTO GLB_DOMAIN_KEY (GDK_ID, CATEGORY, MAJOR_SUB, MINOR_SUB, KEY, MEANING) VALUES ('151','MASTER_DATA_FLAG','LOCATION_GROUP','','JUNIT_TEST_FLAG','TestFlag for unit tests');

SELECT * FROM GLB_DOMAIN_KEY;
--DELETE FROM GLB_DOMAIN_KEY;

XXXXXXXXXXXXXXXXXXXXXXXXXXXXXXXXXXXXXXXXXXXXXXXXXXXXXXXXXXXXXXXXXXXXXXXXXXXXXXXXXXXXXXXXXXXXXXXXXXXX
XXXXXXXXXXXXXXXXXXXXXXXXXXXXXXXXXXXXXXXXXXXXXXXXXXXXXXXXXXXXXXXXXXXXXXXXXXXXXXXXXXXXXXXXXXXXXXXXXXXX
									LOCATION_GROUP_PURPOSE
XXXXXXXXXXXXXXXXXXXXXXXXXXXXXXXXXXXXXXXXXXXXXXXXXXXXXXXXXXXXXXXXXXXXXXXXXXXXXXXXXXXXXXXXXXXXXXXXXXXX

INSERT INTO LOCATION_GROUP_PURPOSE (LGP_ID, LGP_MEANING) VALUES ('1','ERROR');
INSERT INTO LOCATION_GROUP_PURPOSE (LGP_ID, LGP_MEANING) VALUES ('10','STORE');
INSERT INTO LOCATION_GROUP_PURPOSE (LGP_ID, LGP_MEANING) VALUES ('1000','MFS_MONITORING');
INSERT INTO LOCATION_GROUP_PURPOSE (LGP_ID, LGP_MEANING) VALUES ('1010','STARTSERVER_AREA');
INSERT INTO LOCATION_GROUP_PURPOSE (LGP_ID, LGP_MEANING) VALUES ('1011','STARTSERVER_STATION');
INSERT INTO LOCATION_GROUP_PURPOSE (LGP_ID, LGP_MEANING) VALUES ('1020','QUERY_AREA');
INSERT INTO LOCATION_GROUP_PURPOSE (LGP_ID, LGP_MEANING) VALUES ('1030','NO_QUERY_AREA');
INSERT INTO LOCATION_GROUP_PURPOSE (LGP_ID, LGP_MEANING) VALUES ('11','STORE_UNASSIGNED');
INSERT INTO LOCATION_GROUP_PURPOSE (LGP_ID, LGP_MEANING) VALUES ('1100','PICK_STATISTIC_COUNT');
INSERT INTO LOCATION_GROUP_PURPOSE (LGP_ID, LGP_MEANING) VALUES ('120','OVERSTOCK');
INSERT INTO LOCATION_GROUP_PURPOSE (LGP_ID, LGP_MEANING) VALUES ('121','OVERSTOCK_EXTERNAL');
INSERT INTO LOCATION_GROUP_PURPOSE (LGP_ID, LGP_MEANING) VALUES ('135','CARRIER_CHANGE');
INSERT INTO LOCATION_GROUP_PURPOSE (LGP_ID, LGP_MEANING) VALUES ('140','REPACK');
INSERT INTO LOCATION_GROUP_PURPOSE (LGP_ID, LGP_MEANING) VALUES ('150','PICK');
INSERT INTO LOCATION_GROUP_PURPOSE (LGP_ID, LGP_MEANING) VALUES ('1500','PICKING_AREA');
INSERT INTO LOCATION_GROUP_PURPOSE (LGP_ID, LGP_MEANING) VALUES ('151','PICK_BULK');
INSERT INTO LOCATION_GROUP_PURPOSE (LGP_ID, LGP_MEANING) VALUES ('152','PICK_FULLCASE');
INSERT INTO LOCATION_GROUP_PURPOSE (LGP_ID, LGP_MEANING) VALUES ('155','PICK_PEMAT');
INSERT INTO LOCATION_GROUP_PURPOSE (LGP_ID, LGP_MEANING) VALUES ('156','PICK_DRUGS');
INSERT INTO LOCATION_GROUP_PURPOSE (LGP_ID, LGP_MEANING) VALUES ('157','PICK_ROBO');
INSERT INTO LOCATION_GROUP_PURPOSE (LGP_ID, LGP_MEANING) VALUES ('158','PICK_COOL');
INSERT INTO LOCATION_GROUP_PURPOSE (LGP_ID, LGP_MEANING) VALUES ('160','REPLENISHMENT');
INSERT INTO LOCATION_GROUP_PURPOSE (LGP_ID, LGP_MEANING) VALUES ('161','REFILL');
INSERT INTO LOCATION_GROUP_PURPOSE (LGP_ID, LGP_MEANING) VALUES ('162','REFILL_TRANSFER');
INSERT INTO LOCATION_GROUP_PURPOSE (LGP_ID, LGP_MEANING) VALUES ('163','REFILL_VIA_TRANSFER');
INSERT INTO LOCATION_GROUP_PURPOSE (LGP_ID, LGP_MEANING) VALUES ('169','REFILL_FLOWRACKS');
INSERT INTO LOCATION_GROUP_PURPOSE (LGP_ID, LGP_MEANING) VALUES ('171','REFILL_TRANSFER_GROUP');
INSERT INTO LOCATION_GROUP_PURPOSE (LGP_ID, LGP_MEANING) VALUES ('180','COUNT');
INSERT INTO LOCATION_GROUP_PURPOSE (LGP_ID, LGP_MEANING) VALUES ('185','COUNT_IN_STATION');
INSERT INTO LOCATION_GROUP_PURPOSE (LGP_ID, LGP_MEANING) VALUES ('199','PICK_PEMAT_BAG');
INSERT INTO LOCATION_GROUP_PURPOSE (LGP_ID, LGP_MEANING) VALUES ('210','CHECK');
INSERT INTO LOCATION_GROUP_PURPOSE (LGP_ID, LGP_MEANING) VALUES ('250','CHECK_REPLENISHMENT_FALLBACK');
INSERT INTO LOCATION_GROUP_PURPOSE (LGP_ID, LGP_MEANING) VALUES ('2500','REPLICATEABLE');
INSERT INTO LOCATION_GROUP_PURPOSE (LGP_ID, LGP_MEANING) VALUES ('280','EJECT_EMPTY');
INSERT INTO LOCATION_GROUP_PURPOSE (LGP_ID, LGP_MEANING) VALUES ('290','EMPTY_BUFFER');
INSERT INTO LOCATION_GROUP_PURPOSE (LGP_ID, LGP_MEANING) VALUES ('295','EMPTY_MANAGED');
INSERT INTO LOCATION_GROUP_PURPOSE (LGP_ID, LGP_MEANING) VALUES ('310','CHECK_EMPTY');
INSERT INTO LOCATION_GROUP_PURPOSE (LGP_ID, LGP_MEANING) VALUES ('390','PDC_TRANSFER');
INSERT INTO LOCATION_GROUP_PURPOSE (LGP_ID, LGP_MEANING) VALUES ('5','AUTOMATIC');
INSERT INTO LOCATION_GROUP_PURPOSE (LGP_ID, LGP_MEANING) VALUES ('50','STORE_RETURNS');
INSERT INTO LOCATION_GROUP_PURPOSE (LGP_ID, LGP_MEANING) VALUES ('500','SHIPMENT_MFS');
INSERT INTO LOCATION_GROUP_PURPOSE (LGP_ID, LGP_MEANING) VALUES ('601','DEVICE_OUTPUT');
INSERT INTO LOCATION_GROUP_PURPOSE (LGP_ID, LGP_MEANING) VALUES ('602','DEVICE_INPUT');
INSERT INTO LOCATION_GROUP_PURPOSE (LGP_ID, LGP_MEANING) VALUES ('666','CANCEL_MOVEMENT_WHEN_OCCUPIED');
INSERT INTO LOCATION_GROUP_PURPOSE (LGP_ID, LGP_MEANING) VALUES ('700','PDC_STATION');
INSERT INTO LOCATION_GROUP_PURPOSE (LGP_ID, LGP_MEANING) VALUES ('905','OUT_OF_ORDER');
INSERT INTO LOCATION_GROUP_PURPOSE (LGP_ID, LGP_MEANING) VALUES ('906','PICKING');
INSERT INTO LOCATION_GROUP_PURPOSE (LGP_ID, LGP_MEANING) VALUES ('907','COMPACTION');
INSERT INTO LOCATION_GROUP_PURPOSE (LGP_ID, LGP_MEANING) VALUES ('908','INVENTORY');
INSERT INTO LOCATION_GROUP_PURPOSE (LGP_ID, LGP_MEANING) VALUES ('910','NOT_STOCK_KEEPING');
INSERT INTO LOCATION_GROUP_PURPOSE (LGP_ID, LGP_MEANING) VALUES ('911','STOCK_COMPACTION');
INSERT INTO LOCATION_GROUP_PURPOSE (LGP_ID, LGP_MEANING) VALUES ('912','COMPARTMENT_COMPACTION');
INSERT INTO LOCATION_GROUP_PURPOSE (LGP_ID, LGP_MEANING) VALUES ('913','STOCK_COMPARTMENT_COMPACTION');
INSERT INTO LOCATION_GROUP_PURPOSE (LGP_ID, LGP_MEANING) VALUES ('99','MOVEMENT_CORRECTION_TARGET');

SELECT * FROM LOCATION_GROUP_PURPOSE;
	--DELETE FROM LOCATION_GROUP_MEMBER_DEF;

XXXXXXXXXXXXXXXXXXXXXXXXXXXXXXXXXXXXXXXXXXXXXXXXXXXXXXXXXXXXXXXXXXXXXXXXXXXXXXXXXXXXXXXXXXXXXXXXXXXX
XXXXXXXXXXXXXXXXXXXXXXXXXXXXXXXXXXXXXXXXXXXXXXXXXXXXXXXXXXXXXXXXXXXXXXXXXXXXXXXXXXXXXXXXXXXXXXXXXXXX
									LOCATION_GROUP_TYPE 
XXXXXXXXXXXXXXXXXXXXXXXXXXXXXXXXXXXXXXXXXXXXXXXXXXXXXXXXXXXXXXXXXXXXXXXXXXXXXXXXXXXXXXXXXXXXXXXXXXXX

INSERT INTO LOCATION_GROUP_TYPE (LGT_ID, LGT_MEANING)VALUES ('0', 'WAREHOUSE');
INSERT INTO LOCATION_GROUP_TYPE (LGT_ID, LGT_MEANING)VALUES ('1', 'AREA');
INSERT INTO LOCATION_GROUP_TYPE (LGT_ID, LGT_MEANING)VALUES ('10', 'STATION');
INSERT INTO LOCATION_GROUP_TYPE (LGT_ID, LGT_MEANING)VALUES ('11', 'PTT');
INSERT INTO LOCATION_GROUP_TYPE (LGT_ID, LGT_MEANING)VALUES ('112', 'MFS_DECISION_STATION');
INSERT INTO LOCATION_GROUP_TYPE (LGT_ID, LGT_MEANING)VALUES ('12', 'PBL_STATION');
INSERT INTO LOCATION_GROUP_TYPE (LGT_ID, LGT_MEANING)VALUES ('13', 'AFRAME');
INSERT INTO LOCATION_GROUP_TYPE (LGT_ID, LGT_MEANING)VALUES ('14', 'RECIRC');
INSERT INTO LOCATION_GROUP_TYPE (LGT_ID, LGT_MEANING)VALUES ('15', 'SEQUENCER');
INSERT INTO LOCATION_GROUP_TYPE (LGT_ID, LGT_MEANING)VALUES ('158', 'PBL_PICKING');
INSERT INTO LOCATION_GROUP_TYPE (LGT_ID, LGT_MEANING)VALUES ('16', 'DEVICE_INPUT');
INSERT INTO LOCATION_GROUP_TYPE (LGT_ID, LGT_MEANING)VALUES ('17', 'DEVICE_OUTPUT');
INSERT INTO LOCATION_GROUP_TYPE (LGT_ID, LGT_MEANING)VALUES ('18', 'DEVICE_STORAGE');
INSERT INTO LOCATION_GROUP_TYPE (LGT_ID, LGT_MEANING)VALUES ('19', 'DEVICE_IN_OUT');
INSERT INTO LOCATION_GROUP_TYPE (LGT_ID, LGT_MEANING)VALUES ('20', 'DEVICE_GET');
INSERT INTO LOCATION_GROUP_TYPE (LGT_ID, LGT_MEANING)VALUES ('201', 'MINILOAD');
INSERT INTO LOCATION_GROUP_TYPE (LGT_ID, LGT_MEANING)VALUES ('2011', 'ML_GROUP');
INSERT INTO LOCATION_GROUP_TYPE (LGT_ID, LGT_MEANING)VALUES ('21', 'DEVICE_LHD');
INSERT INTO LOCATION_GROUP_TYPE (LGT_ID, LGT_MEANING)VALUES ('25', 'AREA_EXIT');
INSERT INTO LOCATION_GROUP_TYPE (LGT_ID, LGT_MEANING)VALUES ('301', 'CUBY');
INSERT INTO LOCATION_GROUP_TYPE (LGT_ID, LGT_MEANING)VALUES ('3011', 'CUBY_GROUP');
INSERT INTO LOCATION_GROUP_TYPE (LGT_ID, LGT_MEANING)VALUES ('303', 'CUBY_LIFTER');
INSERT INTO LOCATION_GROUP_TYPE (LGT_ID, LGT_MEANING)VALUES ('31', 'AREA_ENTRY');
INSERT INTO LOCATION_GROUP_TYPE (LGT_ID, LGT_MEANING)VALUES ('32', 'STATIC_RACK');
INSERT INTO LOCATION_GROUP_TYPE (LGT_ID, LGT_MEANING)VALUES ('33', 'STATIC_RACK_GROUP');
INSERT INTO LOCATION_GROUP_TYPE (LGT_ID, LGT_MEANING)VALUES ('35', 'AFRAME_SIDE');
INSERT INTO LOCATION_GROUP_TYPE (LGT_ID, LGT_MEANING)VALUES ('36', 'AFRAME_CHANNELS');
INSERT INTO LOCATION_GROUP_TYPE (LGT_ID, LGT_MEANING)VALUES ('38', 'AREA_DEVICES');
INSERT INTO LOCATION_GROUP_TYPE (LGT_ID, LGT_MEANING)VALUES ('39', 'RECIRC_GROUP');
INSERT INTO LOCATION_GROUP_TYPE (LGT_ID, LGT_MEANING)VALUES ('4', 'CRS_GROUP');
INSERT INTO LOCATION_GROUP_TYPE (LGT_ID, LGT_MEANING)VALUES ('40', 'FLOW_RACK_PUT');
INSERT INTO LOCATION_GROUP_TYPE (LGT_ID, LGT_MEANING)VALUES ('41', 'FLOW_RACK_GET');
INSERT INTO LOCATION_GROUP_TYPE (LGT_ID, LGT_MEANING)VALUES ('42', 'WORKPLACE_STATION');
INSERT INTO LOCATION_GROUP_TYPE (LGT_ID, LGT_MEANING)VALUES ('43', 'PTT_DEVICE');
INSERT INTO LOCATION_GROUP_TYPE (LGT_ID, LGT_MEANING)VALUES ('44', 'PRE_SEQUENCER');
INSERT INTO LOCATION_GROUP_TYPE (LGT_ID, LGT_MEANING)VALUES ('45', 'FLOW_RACK_GROUP');
INSERT INTO LOCATION_GROUP_TYPE (LGT_ID, LGT_MEANING)VALUES ('5', 'PTT_GROUP');
INSERT INTO LOCATION_GROUP_TYPE (LGT_ID, LGT_MEANING)VALUES ('1', 'PBL_GROUP');
INSERT INTO LOCATION_GROUP_TYPE (LGT_ID, LGT_MEANING)VALUES ('7', 'AF_GROUP');
INSERT INTO LOCATION_GROUP_TYPE (LGT_ID, LGT_MEANING)VALUES ('7001', 'CAROUSEL');
INSERT INTO LOCATION_GROUP_TYPE (LGT_ID, LGT_MEANING)VALUES ('8', 'PDC_MOBILE_GROUP');
INSERT INTO LOCATION_GROUP_TYPE (LGT_ID, LGT_MEANING)VALUES ('9', 'PDC_MOBILE_STATION');

SELECT * FROM LOCATION_GROUP_TYPE;
--DELETE FROM LOCATION_GROUP_TYPE;

XXXXXXXXXXXXXXXXXXXXXXXXXXXXXXXXXXXXXXXXXXXXXXXXXXXXXXXXXXXXXXXXXXXXXXXXXXXXXXXXXXXXXXXXXXXXXXXXXXXX
XXXXXXXXXXXXXXXXXXXXXXXXXXXXXXXXXXXXXXXXXXXXXXXXXXXXXXXXXXXXXXXXXXXXXXXXXXXXXXXXXXXXXXXXXXXXXXXXXXXX
									LOCATION_LOCK_REASON
XXXXXXXXXXXXXXXXXXXXXXXXXXXXXXXXXXXXXXXXXXXXXXXXXXXXXXXXXXXXXXXXXXXXXXXXXXXXXXXXXXXXXXXXXXXXXXXXXXXX

INSERT INTO LOCATION_LOCK_REASON (LLR_ID, LLR_CODE, DESCRIPTION) VALUES ('0','NONE','No reason specified.');
INSERT INTO LOCATION_LOCK_REASON (LLR_ID, LLR_CODE, DESCRIPTION) VALUES ('1','BREAKDOWN','The lock has been caused by a breakdown of a machine.');
INSERT INTO LOCATION_LOCK_REASON (LLR_ID, LLR_CODE, DESCRIPTION) VALUES ('2','LOW_SEASON','There is no use for the locked element because of low season.');
INSERT INTO LOCATION_LOCK_REASON (LLR_ID, LLR_CODE, DESCRIPTION) VALUES ('3','RACK_OCCUPIED','A rack was occupied which should actually be free.');
INSERT INTO LOCATION_LOCK_REASON (LLR_ID, LLR_CODE, DESCRIPTION) VALUES ('4','RACK_FIELD_EMPTY','A rack was empty but there should actually be a TU.');
INSERT INTO LOCATION_LOCK_REASON (LLR_ID, LLR_CODE, DESCRIPTION) VALUES ('5','OUT_OF_ORDER','Is out of order.');
INSERT INTO LOCATION_LOCK_REASON (LLR_ID, LLR_CODE, DESCRIPTION) VALUES ('6','BOX_MISPLACED','The rack is locked becuase the shuttle can not retrieve the transport unit');

SELECT * FROM LOCATION_LOCK_REASON;
--DELETE FROM LOCATION_LOCK_REASON;


XXXXXXXXXXXXXXXXXXXXXXXXXXXXXXXXXXXXXXXXXXXXXXXXXXXXXXXXXXXXXXXXXXXXXXXXXXXXXXXXXXXXXXXXXXXXXXXXXXXX
XXXXXXXXXXXXXXXXXXXXXXXXXXXXXXXXXXXXXXXXXXXXXXXXXXXXXXXXXXXXXXXXXXXXXXXXXXXXXXXXXXXXXXXXXXXXXXXXXXXX
									LOCATION_LOCK_TYPE
XXXXXXXXXXXXXXXXXXXXXXXXXXXXXXXXXXXXXXXXXXXXXXXXXXXXXXXXXXXXXXXXXXXXXXXXXXXXXXXXXXXXXXXXXXXXXXXXXXXX

INSERT INTO LOCATION_LOCK_TYPE (LLT_ID, LLT_CODE, DESCRIPTION) VALUES ('1','IN','locked for input');
INSERT INTO LOCATION_LOCK_TYPE (LLT_ID, LLT_CODE, DESCRIPTION) VALUES ('2','IN_OUT','locked for input and output');
INSERT INTO LOCATION_LOCK_TYPE (LLT_ID, LLT_CODE, DESCRIPTION) VALUES ('3','OUT','locked for output');

SELECT * FROM LOCATION_LOCK_TYPE;
--DELETE FROM LOCATION_LOCK_TYPE; 

XXXXXXXXXXXXXXXXXXXXXXXXXXXXXXXXXXXXXXXXXXXXXXXXXXXXXXXXXXXXXXXXXXXXXXXXXXXXXXXXXXXXXXXXXXXXXXXXXXXX
XXXXXXXXXXXXXXXXXXXXXXXXXXXXXXXXXXXXXXXXXXXXXXXXXXXXXXXXXXXXXXXXXXXXXXXXXXXXXXXXXXXXXXXXXXXXXXXXXXXX
									LOCATION_TYPE 
XXXXXXXXXXXXXXXXXXXXXXXXXXXXXXXXXXXXXXXXXXXXXXXXXXXXXXXXXXXXXXXXXXXXXXXXXXXXXXXXXXXXXXXXXXXXXXXXXXXX

INSERT INTO LOCATION_TYPE (LT_ID, LT_CODE) VALUES (1001, 'RACK');
INSERT INTO LOCATION_TYPE (LT_ID, LT_CODE) VALUES (1011, 'FLOW_RACK');
INSERT INTO LOCATION_TYPE (LT_ID, LT_CODE) VALUES (4011, 'AF_CHANNEL');
INSERT INTO LOCATION_TYPE (LT_ID, LT_CODE) VALUES (5, 'TRANSFER');
INSERT INTO LOCATION_TYPE (LT_ID, LT_CODE) VALUES (6, 'PBL_MASTER_PICKFACE');
INSERT INTO LOCATION_TYPE (LT_ID, LT_CODE) VALUES (7, 'TRANSFER_IN');
INSERT INTO LOCATION_TYPE (LT_ID, LT_CODE) VALUES (8, 'TRANSFER_OUT');
INSERT INTO LOCATION_TYPE (LT_ID, LT_CODE) VALUES (9002, 'SLOT');

SELECT * FROM LOCATION_TYPE;
--DELETE FROM LOCATION_TYPE;


XXXXXXXXXXXXXXXXXXXXXXXXXXXXXXXXXXXXXXXXXXXXXXXXXXXXXXXXXXXXXXXXXXXXXXXXXXXXXXXXXXXXXXXXXXXXXXXXXXXX
XXXXXXXXXXXXXXXXXXXXXXXXXXXXXXXXXXXXXXXXXXXXXXXXXXXXXXXXXXXXXXXXXXXXXXXXXXXXXXXXXXXXXXXXXXXXXXXXXXXX
									ORDER_LINE_TYPE
XXXXXXXXXXXXXXXXXXXXXXXXXXXXXXXXXXXXXXXXXXXXXXXXXXXXXXXXXXXXXXXXXXXXXXXXXXXXXXXXXXXXXXXXXXXXXXXXXXXX

INSERT INTO ORDER_LINE_TYPE (OLT_ID, OLT_MEANING) VALUES ('100','PRODUCT');
INSERT INTO ORDER_LINE_TYPE (OLT_ID, OLT_MEANING) VALUES ('200','STATION');
INSERT INTO ORDER_LINE_TYPE (OLT_ID, OLT_MEANING) VALUES ('300','LOCATION');
INSERT INTO ORDER_LINE_TYPE (OLT_ID, OLT_MEANING) VALUES ('400','TRANSPORT_UNIT');
INSERT INTO ORDER_LINE_TYPE (OLT_ID, OLT_MEANING) VALUES ('500','AREA');
INSERT INTO ORDER_LINE_TYPE (OLT_ID, OLT_MEANING) VALUES ('600','PRODUCT_SET');

SELECT * FROM ORDER_LINE_TYPE;
--DELETE FROM ORDER_LINE_TYPE;

XXXXXXXXXXXXXXXXXXXXXXXXXXXXXXXXXXXXXXXXXXXXXXXXXXXXXXXXXXXXXXXXXXXXXXXXXXXXXXXXXXXXXXXXXXXXXXXXXXXX
XXXXXXXXXXXXXXXXXXXXXXXXXXXXXXXXXXXXXXXXXXXXXXXXXXXXXXXXXXXXXXXXXXXXXXXXXXXXXXXXXXXXXXXXXXXXXXXXXXXX
									ORDER_TYPE
XXXXXXXXXXXXXXXXXXXXXXXXXXXXXXXXXXXXXXXXXXXXXXXXXXXXXXXXXXXXXXXXXXXXXXXXXXXXXXXXXXXXXXXXXXXXXXXXXXXX

INSERT INTO ORDER_TYPE (OT_ID, OT_MEANING) VALUES ('0','NONE');
INSERT INTO ORDER_TYPE (OT_ID, OT_MEANING) VALUES ('-1','CUSTOM_ORDER_TYPE');
INSERT INTO ORDER_TYPE (OT_ID, OT_MEANING) VALUES ('100','EMPTY_TRANSPORT_UNIT');
INSERT INTO ORDER_TYPE (OT_ID, OT_MEANING) VALUES ('102','WMS_REARRANGEMENT');
INSERT INTO ORDER_TYPE (OT_ID, OT_MEANING) VALUES ('110','NESTED_CONTAINER');
INSERT INTO ORDER_TYPE (OT_ID, OT_MEANING) VALUES ('130','GOODSIN');
INSERT INTO ORDER_TYPE (OT_ID, OT_MEANING) VALUES ('131','GOODSIN_INTERNAL');
INSERT INTO ORDER_TYPE (OT_ID, OT_MEANING) VALUES ('132','STORAGE_COOL');
INSERT INTO ORDER_TYPE (OT_ID, OT_MEANING) VALUES ('133','GOODSIN_TU_STOCK');
INSERT INTO ORDER_TYPE (OT_ID, OT_MEANING) VALUES ('135','PACK_FOR_OVERSTOCK');
INSERT INTO ORDER_TYPE (OT_ID, OT_MEANING) VALUES ('150','PICK');
INSERT INTO ORDER_TYPE (OT_ID, OT_MEANING) VALUES ('151','PICK_BULK');
INSERT INTO ORDER_TYPE (OT_ID, OT_MEANING) VALUES ('152','PICK_CASE');
INSERT INTO ORDER_TYPE (OT_ID, OT_MEANING) VALUES ('155','PICK_COMPOSITE');
INSERT INTO ORDER_TYPE (OT_ID, OT_MEANING) VALUES ('158','PICK_COOL');
INSERT INTO ORDER_TYPE (OT_ID, OT_MEANING) VALUES ('160','REPLENISHMENT');
INSERT INTO ORDER_TYPE (OT_ID, OT_MEANING) VALUES ('161','REFILL');
INSERT INTO ORDER_TYPE (OT_ID, OT_MEANING) VALUES ('162','REPLENISHMENT_AREA');
INSERT INTO ORDER_TYPE (OT_ID, OT_MEANING) VALUES ('180','INVENTORY_PRODUCT');
INSERT INTO ORDER_TYPE (OT_ID, OT_MEANING) VALUES ('190','INVENTORY_LOCATION');
INSERT INTO ORDER_TYPE (OT_ID, OT_MEANING) VALUES ('193','INVENTORY_LOCATION_GROUP');
INSERT INTO ORDER_TYPE (OT_ID, OT_MEANING) VALUES ('195','INVENTORY_ZERO_CROSSING');
INSERT INTO ORDER_TYPE (OT_ID, OT_MEANING) VALUES ('20','ERROR');
INSERT INTO ORDER_TYPE (OT_ID, OT_MEANING) VALUES ('200','INVENTORY_TRANSPORT_UNIT');
INSERT INTO ORDER_TYPE (OT_ID, OT_MEANING) VALUES ('210','STOCK_CORRECTION');
INSERT INTO ORDER_TYPE (OT_ID, OT_MEANING) VALUES ('220','RECALL');
INSERT INTO ORDER_TYPE (OT_ID, OT_MEANING) VALUES ('221','RECALL_INTERNAL');
INSERT INTO ORDER_TYPE (OT_ID, OT_MEANING) VALUES ('230','REPACK');
INSERT INTO ORDER_TYPE (OT_ID, OT_MEANING) VALUES ('231','STOCK_CREDENTIAL_MODIFICATION');
INSERT INTO ORDER_TYPE (OT_ID, OT_MEANING) VALUES ('240','PRODUCT_MOVE');
INSERT INTO ORDER_TYPE (OT_ID, OT_MEANING) VALUES ('250','COMPACTION');
INSERT INTO ORDER_TYPE (OT_ID, OT_MEANING) VALUES ('255','DIRECT_OUT');
INSERT INTO ORDER_TYPE (OT_ID, OT_MEANING) VALUES ('260','DIRECT_IN');
INSERT INTO ORDER_TYPE (OT_ID, OT_MEANING) VALUES ('280','STOCK_MOVEMENT');
INSERT INTO ORDER_TYPE (OT_ID, OT_MEANING) VALUES ('30','CONTAINER_STORAGE');
INSERT INTO ORDER_TYPE (OT_ID, OT_MEANING) VALUES ('300','SHIPPING');
INSERT INTO ORDER_TYPE (OT_ID, OT_MEANING) VALUES ('40','CONTAINER_RETRIEVAL');

SELECT * FROM ORDER_TYPE ORDER BY OT_ID;
--DELETE FROM ORDER_TYPE;

XXXXXXXXXXXXXXXXXXXXXXXXXXXXXXXXXXXXXXXXXXXXXXXXXXXXXXXXXXXXXXXXXXXXXXXXXXXXXXXXXXXXXXXXXXXXXXXXXXXX
XXXXXXXXXXXXXXXXXXXXXXXXXXXXXXXXXXXXXXXXXXXXXXXXXXXXXXXXXXXXXXXXXXXXXXXXXXXXXXXXXXXXXXXXXXXXXXXXXXXX
									SLOTTING_TYPE 
XXXXXXXXXXXXXXXXXXXXXXXXXXXXXXXXXXXXXXXXXXXXXXXXXXXXXXXXXXXXXXXXXXXXXXXXXXXXXXXXXXXXXXXXXXXXXXXXXXXX

INSERT INTO SLOTTING_TYPE (SLT_ID, SLT_CODE) VALUES ('1','STANDARD');

SELECT * FROM SLOTTING_TYPE;
--DELETE FROM SLOTTING_TYPE;

XXXXXXXXXXXXXXXXXXXXXXXXXXXXXXXXXXXXXXXXXXXXXXXXXXXXXXXXXXXXXXXXXXXXXXXXXXXXXXXXXXXXXXXXXXXXXXXXXXXX
XXXXXXXXXXXXXXXXXXXXXXXXXXXXXXXXXXXXXXXXXXXXXXXXXXXXXXXXXXXXXXXXXXXXXXXXXXXXXXXXXXXXXXXXXXXXXXXXXXXX
									SLOTTING_LINE_ATTR_TYPE
XXXXXXXXXXXXXXXXXXXXXXXXXXXXXXXXXXXXXXXXXXXXXXXXXXXXXXXXXXXXXXXXXXXXXXXXXXXXXXXXXXXXXXXXXXXXXXXXXXXX

INSERT INTO SLOTTING_LINE_ATTR_TYPE (SLLAT_ID, SLLAT_CODE, DATATYPE) VALUES ('100002','EXPECTED_PIECES_DAY1','');
INSERT INTO SLOTTING_LINE_ATTR_TYPE (SLLAT_ID, SLLAT_CODE, DATATYPE) VALUES ('100003','EXPECTED_PIECES_DAY2','');
INSERT INTO SLOTTING_LINE_ATTR_TYPE (SLLAT_ID, SLLAT_CODE, DATATYPE) VALUES ('100004','EXPECTED_PIECES_DAY3','');
INSERT INTO SLOTTING_LINE_ATTR_TYPE (SLLAT_ID, SLLAT_CODE, DATATYPE) VALUES ('100005','EXPECTED_PIECES_DAY4','');
INSERT INTO SLOTTING_LINE_ATTR_TYPE (SLLAT_ID, SLLAT_CODE, DATATYPE) VALUES ('100006','EXPECTED_PIECES_DAY5','');
INSERT INTO SLOTTING_LINE_ATTR_TYPE (SLLAT_ID, SLLAT_CODE, DATATYPE) VALUES ('100007','EXPECTED_PIECES_DAY6','');
INSERT INTO SLOTTING_LINE_ATTR_TYPE (SLLAT_ID, SLLAT_CODE, DATATYPE) VALUES ('100008','EXPECTED_PIECES_DAY7','');
INSERT INTO SLOTTING_LINE_ATTR_TYPE (SLLAT_ID, SLLAT_CODE, DATATYPE) VALUES ('100009','EXPECTED_LINES_DAY1','');
INSERT INTO SLOTTING_LINE_ATTR_TYPE (SLLAT_ID, SLLAT_CODE, DATATYPE) VALUES ('100010','EXPECTED_LINES_DAY2','');
INSERT INTO SLOTTING_LINE_ATTR_TYPE (SLLAT_ID, SLLAT_CODE, DATATYPE) VALUES ('100011','EXPECTED_LINES_DAY3','');
INSERT INTO SLOTTING_LINE_ATTR_TYPE (SLLAT_ID, SLLAT_CODE, DATATYPE) VALUES ('100012','EXPECTED_LINES_DAY4','');
INSERT INTO SLOTTING_LINE_ATTR_TYPE (SLLAT_ID, SLLAT_CODE, DATATYPE) VALUES ('100013','EXPECTED_LINES_DAY5','');
INSERT INTO SLOTTING_LINE_ATTR_TYPE (SLLAT_ID, SLLAT_CODE, DATATYPE) VALUES ('100014','EXPECTED_LINES_DAY6','');
INSERT INTO SLOTTING_LINE_ATTR_TYPE (SLLAT_ID, SLLAT_CODE, DATATYPE) VALUES ('100015','EXPECTED_LINES_DAY7','');

SELECT * FROM SLOTTING_LINE_ATTR_TYPE;
--DELETE FROM SLOTTING_LINE_ATTR_TYPE;

XXXXXXXXXXXXXXXXXXXXXXXXXXXXXXXXXXXXXXXXXXXXXXXXXXXXXXXXXXXXXXXXXXXXXXXXXXXXXXXXXXXXXXXXXXXXXXXXXXXX
XXXXXXXXXXXXXXXXXXXXXXXXXXXXXXXXXXXXXXXXXXXXXXXXXXXXXXXXXXXXXXXXXXXXXXXXXXXXXXXXXXXXXXXXXXXXXXXXXXXX
									SKU_TYPE 
XXXXXXXXXXXXXXXXXXXXXXXXXXXXXXXXXXXXXXXXXXXXXXXXXXXXXXXXXXXXXXXXXXXXXXXXXXXXXXXXXXXXXXXXXXXXXXXXXXXX

INSERT INTO SKU_TYPE (ST_ID, ST_CODE) VALUES ('0','DEFAULT');
INSERT INTO SKU_TYPE (ST_ID, ST_CODE) VALUES ('-100','JUNIT_TYPE');

SELECT * FROM SKU_TYPE;
--DELETE FROM SKU_TYPE;

XXXXXXXXXXXXXXXXXXXXXXXXXXXXXXXXXXXXXXXXXXXXXXXXXXXXXXXXXXXXXXXXXXXXXXXXXXXXXXXXXXXXXXXXXXXXXXXXXXXX								
XXXXXXXXXXXXXXXXXXXXXXXXXXXXXXXXXXXXXXXXXXXXXXXXXXXXXXXXXXXXXXXXXXXXXXXXXXXXXXXXXXXXXXXXXXXXXXXXXXXX
								TRANSPORT_UNIT_BIN_TYPE 
XXXXXXXXXXXXXXXXXXXXXXXXXXXXXXXXXXXXXXXXXXXXXXXXXXXXXXXXXXXXXXXXXXXXXXXXXXXXXXXXXXXXXXXXXXXXXXXXXXXX

INSERT INTO TRANSPORT_UNIT_BIN_TYPE (TUBT_ID, TUBT_CODE, MAX_TUS_NUMBER, LENGTH, WIDTH, HEIGHT, WEIGHT_NET) VALUES ('0','LOCATION','999','0','0','0','0');
INSERT INTO TRANSPORT_UNIT_BIN_TYPE (TUBT_ID, TUBT_CODE, MAX_TUS_NUMBER, LENGTH, WIDTH, HEIGHT, WEIGHT_NET) VALUES ('1','UNKNOWN','999','0','0','0','0');
INSERT INTO TRANSPORT_UNIT_BIN_TYPE (TUBT_ID, TUBT_CODE, MAX_TUS_NUMBER, LENGTH, WIDTH, HEIGHT, WEIGHT_NET) VALUES ('10','CHANNEL','999','2000','220','120','0');
INSERT INTO TRANSPORT_UNIT_BIN_TYPE (TUBT_ID, TUBT_CODE, MAX_TUS_NUMBER, LENGTH, WIDTH, HEIGHT, WEIGHT_NET) VALUES ('101','TOTE_SMALL','999','0','0','0','0');
INSERT INTO TRANSPORT_UNIT_BIN_TYPE (TUBT_ID, TUBT_CODE, MAX_TUS_NUMBER, LENGTH, WIDTH, HEIGHT, WEIGHT_NET) VALUES ('102','TOTE','999','0','0','0','0');
INSERT INTO TRANSPORT_UNIT_BIN_TYPE (TUBT_ID, TUBT_CODE, MAX_TUS_NUMBER, LENGTH, WIDTH, HEIGHT, WEIGHT_NET) VALUES ('103','TOTE_LARGE','999','0','0','0','0');
INSERT INTO TRANSPORT_UNIT_BIN_TYPE (TUBT_ID, TUBT_CODE, MAX_TUS_NUMBER, LENGTH, WIDTH, HEIGHT, WEIGHT_NET) VALUES ('11','BIN1','1','600','400','200','0');
INSERT INTO TRANSPORT_UNIT_BIN_TYPE (TUBT_ID, TUBT_CODE, MAX_TUS_NUMBER, LENGTH, WIDTH, HEIGHT, WEIGHT_NET) VALUES ('116','BIN16','1','150','100','200','0');
INSERT INTO TRANSPORT_UNIT_BIN_TYPE (TUBT_ID, TUBT_CODE, MAX_TUS_NUMBER, LENGTH, WIDTH, HEIGHT, WEIGHT_NET) VALUES ('12','BIN2','1','300','400','200','0');
INSERT INTO TRANSPORT_UNIT_BIN_TYPE (TUBT_ID, TUBT_CODE, MAX_TUS_NUMBER, LENGTH, WIDTH, HEIGHT, WEIGHT_NET) VALUES ('120','TOTE_COOL','999','0','0','0','0');
INSERT INTO TRANSPORT_UNIT_BIN_TYPE (TUBT_ID, TUBT_CODE, MAX_TUS_NUMBER, LENGTH, WIDTH, HEIGHT, WEIGHT_NET) VALUES ('14','BIN4','1','300','200','200','0');
INSERT INTO TRANSPORT_UNIT_BIN_TYPE (TUBT_ID, TUBT_CODE, MAX_TUS_NUMBER, LENGTH, WIDTH, HEIGHT, WEIGHT_NET) VALUES ('18','BIN8','1','150','200','200','0');
INSERT INTO TRANSPORT_UNIT_BIN_TYPE (TUBT_ID, TUBT_CODE, MAX_TUS_NUMBER, LENGTH, WIDTH, HEIGHT, WEIGHT_NET) VALUES ('201','PALLET','1','0','0','0','0');
INSERT INTO TRANSPORT_UNIT_BIN_TYPE (TUBT_ID, TUBT_CODE, MAX_TUS_NUMBER, LENGTH, WIDTH, HEIGHT, WEIGHT_NET) VALUES ('202','PALLET_SMALL','1','0','0','0','0');
INSERT INTO TRANSPORT_UNIT_BIN_TYPE (TUBT_ID, TUBT_CODE, MAX_TUS_NUMBER, LENGTH, WIDTH, HEIGHT, WEIGHT_NET) VALUES ('21','TRAY','999','0','0','0','0');
INSERT INTO TRANSPORT_UNIT_BIN_TYPE (TUBT_ID, TUBT_CODE, MAX_TUS_NUMBER, LENGTH, WIDTH, HEIGHT, WEIGHT_NET) VALUES ('-30','HOST','999','0','0','0','0');
INSERT INTO TRANSPORT_UNIT_BIN_TYPE (TUBT_ID, TUBT_CODE, MAX_TUS_NUMBER, LENGTH, WIDTH, HEIGHT, WEIGHT_NET) VALUES ('-471154321','CUSTOM_JUNIT_TUBT','1','0','0','0','0');
INSERT INTO TRANSPORT_UNIT_BIN_TYPE (TUBT_ID, TUBT_CODE, MAX_TUS_NUMBER, LENGTH, WIDTH, HEIGHT, WEIGHT_NET) VALUES ('60','CARTON','999','0','0','0','0');

SELECT * FROM TRANSPORT_UNIT_BIN_TYPE;
-- DELETE FROM TRANSPORT_UNIT_BIN_TYPE;

XXXXXXXXXXXXXXXXXXXXXXXXXXXXXXXXXXXXXXXXXXXXXXXXXXXXXXXXXXXXXXXXXXXXXXXXXXXXXXXXXXXXXXXXXXXXXXXXXXXX
XXXXXXXXXXXXXXXXXXXXXXXXXXXXXXXXXXXXXXXXXXXXXXXXXXXXXXXXXXXXXXXXXXXXXXXXXXXXXXXXXXXXXXXXXXXXXXXXXXXX
									TRANSPORT_UNIT_TYPE 
XXXXXXXXXXXXXXXXXXXXXXXXXXXXXXXXXXXXXXXXXXXXXXXXXXXXXXXXXXXXXXXXXXXXXXXXXXXXXXXXXXXXXXXXXXXXXXXXXXXX

INSERT INTO TRANSPORT_UNIT_TYPE (TUT_ID, IS_LOCATION, LENGTH, WIDTH, HEIGHT, WEIGHT_NET, TUT_CODE, DESCR, FILL_LEVEL_AUTOMAT, FILL_LEVEL_MANUAL, FILL_LEVEL_SHAKE, WEIGHT_MAX) VALUES ('-471154321','0','0','0','0','0','CUSTOM_JUNIT_TUT','standard tu type installed from core class','50','70','','');
INSERT INTO TRANSPORT_UNIT_TYPE (TUT_ID, IS_LOCATION, LENGTH, WIDTH, HEIGHT, WEIGHT_NET, TUT_CODE, DESCR, FILL_LEVEL_AUTOMAT, FILL_LEVEL_MANUAL, FILL_LEVEL_SHAKE, WEIGHT_MAX) VALUES ('-30','0','0','0','0','0','HOST','standard tu type installed from core class','','','','');
INSERT INTO TRANSPORT_UNIT_TYPE (TUT_ID, IS_LOCATION, LENGTH, WIDTH, HEIGHT, WEIGHT_NET, TUT_CODE, DESCR, FILL_LEVEL_AUTOMAT, FILL_LEVEL_MANUAL, FILL_LEVEL_SHAKE, WEIGHT_MAX) VALUES ('0','1','0','0','0','0','LOCATION','standard tu type installed from core class','','','','');
INSERT INTO TRANSPORT_UNIT_TYPE (TUT_ID, IS_LOCATION, LENGTH, WIDTH, HEIGHT, WEIGHT_NET, TUT_CODE, DESCR, FILL_LEVEL_AUTOMAT, FILL_LEVEL_MANUAL, FILL_LEVEL_SHAKE, WEIGHT_MAX) VALUES ('1','0','0','0','0','0','UNKNOWN','standard tu type installed from core class','','','','');
INSERT INTO TRANSPORT_UNIT_TYPE (TUT_ID, IS_LOCATION, LENGTH, WIDTH, HEIGHT, WEIGHT_NET, TUT_CODE, DESCR, FILL_LEVEL_AUTOMAT, FILL_LEVEL_MANUAL, FILL_LEVEL_SHAKE, WEIGHT_MAX) VALUES ('10','1','2000','220','120','0','CHANNEL','standard tu type installed from core class','','','','');
INSERT INTO TRANSPORT_UNIT_TYPE (TUT_ID, IS_LOCATION, LENGTH, WIDTH, HEIGHT, WEIGHT_NET, TUT_CODE, DESCR, FILL_LEVEL_AUTOMAT, FILL_LEVEL_MANUAL, FILL_LEVEL_SHAKE, WEIGHT_MAX) VALUES ('11','0','600','400','200','2500','TUB1','standard tu type installed from core class','','','','');
INSERT INTO TRANSPORT_UNIT_TYPE (TUT_ID, IS_LOCATION, LENGTH, WIDTH, HEIGHT, WEIGHT_NET, TUT_CODE, DESCR, FILL_LEVEL_AUTOMAT, FILL_LEVEL_MANUAL, FILL_LEVEL_SHAKE, WEIGHT_MAX) VALUES ('12','0','600','400','200','2500','TUB2','standard tu type installed from core class','','','','');
INSERT INTO TRANSPORT_UNIT_TYPE (TUT_ID, IS_LOCATION, LENGTH, WIDTH, HEIGHT, WEIGHT_NET, TUT_CODE, DESCR, FILL_LEVEL_AUTOMAT, FILL_LEVEL_MANUAL, FILL_LEVEL_SHAKE, WEIGHT_MAX) VALUES ('14','0','600','400','200','2500','TUB4','standard tu type installed from core class','','','','');
INSERT INTO TRANSPORT_UNIT_TYPE (TUT_ID, IS_LOCATION, LENGTH, WIDTH, HEIGHT, WEIGHT_NET, TUT_CODE, DESCR, FILL_LEVEL_AUTOMAT, FILL_LEVEL_MANUAL, FILL_LEVEL_SHAKE, WEIGHT_MAX) VALUES ('18','0','600','400','200','2500','TUB8','standard tu type installed from core class','','','','');
INSERT INTO TRANSPORT_UNIT_TYPE (TUT_ID, IS_LOCATION, LENGTH, WIDTH, HEIGHT, WEIGHT_NET, TUT_CODE, DESCR, FILL_LEVEL_AUTOMAT, FILL_LEVEL_MANUAL, FILL_LEVEL_SHAKE, WEIGHT_MAX) VALUES ('21','0','0','0','0','0','TRAY','standard tu type installed from core class','','','','');
INSERT INTO TRANSPORT_UNIT_TYPE (TUT_ID, IS_LOCATION, LENGTH, WIDTH, HEIGHT, WEIGHT_NET, TUT_CODE, DESCR, FILL_LEVEL_AUTOMAT, FILL_LEVEL_MANUAL, FILL_LEVEL_SHAKE, WEIGHT_MAX) VALUES ('60','0','600','400','270','0','CARTON','standard tu type installed from core class','50','70','','');
INSERT INTO TRANSPORT_UNIT_TYPE (TUT_ID, IS_LOCATION, LENGTH, WIDTH, HEIGHT, WEIGHT_NET, TUT_CODE, DESCR, FILL_LEVEL_AUTOMAT, FILL_LEVEL_MANUAL, FILL_LEVEL_SHAKE, WEIGHT_MAX) VALUES ('101','0','400','300','250','150','TOTE_SMALL','standard tu type installed from core class','50','70','','');
INSERT INTO TRANSPORT_UNIT_TYPE (TUT_ID, IS_LOCATION, LENGTH, WIDTH, HEIGHT, WEIGHT_NET, TUT_CODE, DESCR, FILL_LEVEL_AUTOMAT, FILL_LEVEL_MANUAL, FILL_LEVEL_SHAKE, WEIGHT_MAX) VALUES ('102','0','400','300','500','200','TOTE','standard tu type installed from core class','50','70','','');
INSERT INTO TRANSPORT_UNIT_TYPE (TUT_ID, IS_LOCATION, LENGTH, WIDTH, HEIGHT, WEIGHT_NET, TUT_CODE, DESCR, FILL_LEVEL_AUTOMAT, FILL_LEVEL_MANUAL, FILL_LEVEL_SHAKE, WEIGHT_MAX) VALUES ('103','0','1000','300','300','170','TOTE_LARGE','standard tu type installed from core class','50','70','','');
INSERT INTO TRANSPORT_UNIT_TYPE (TUT_ID, IS_LOCATION, LENGTH, WIDTH, HEIGHT, WEIGHT_NET, TUT_CODE, DESCR, FILL_LEVEL_AUTOMAT, FILL_LEVEL_MANUAL, FILL_LEVEL_SHAKE, WEIGHT_MAX) VALUES ('116','0','600','400','200','2500','TUB16','standard tu type installed from core class','','','','');
INSERT INTO TRANSPORT_UNIT_TYPE (TUT_ID, IS_LOCATION, LENGTH, WIDTH, HEIGHT, WEIGHT_NET, TUT_CODE, DESCR, FILL_LEVEL_AUTOMAT, FILL_LEVEL_MANUAL, FILL_LEVEL_SHAKE, WEIGHT_MAX) VALUES ('120','0','0','0','0','0','TOTE_COOL','standard tu type installed from core class','','','','');
INSERT INTO TRANSPORT_UNIT_TYPE (TUT_ID, IS_LOCATION, LENGTH, WIDTH, HEIGHT, WEIGHT_NET, TUT_CODE, DESCR, FILL_LEVEL_AUTOMAT, FILL_LEVEL_MANUAL, FILL_LEVEL_SHAKE, WEIGHT_MAX) VALUES ('201','0','1200','800','1000','0','PALLET','standard tu type installed from core class','','','','');
INSERT INTO TRANSPORT_UNIT_TYPE (TUT_ID, IS_LOCATION, LENGTH, WIDTH, HEIGHT, WEIGHT_NET, TUT_CODE, DESCR, FILL_LEVEL_AUTOMAT, FILL_LEVEL_MANUAL, FILL_LEVEL_SHAKE, WEIGHT_MAX) VALUES ('202','0','0','0','0','0','PALLET_SMALL','standard tu type installed from core class','','','','');

SELECT * FROM TRANSPORT_UNIT_TYPE;
--DELETE FROM TRANSPORT_UNIT_TYPE;

XXXXXXXXXXXXXXXXXXXXXXXXXXXXXXXXXXXXXXXXXXXXXXXXXXXXXXXXXXXXXXXXXXXXXXXXXXXXXXXXXXXXXXXXXXXXXXXXXXXX

XXXXXXXXXXXXXXXXXXXXXXXXXXXXXXXXXXXXXXXXXXXXXXXXXXXXXXXXXXXXXXXXXXXXXXXXXXXXXXXXXXXXXXXXXXXXXXXXXXXX
XXXXXXXXXXXXXXXXXXXXXXXXXXXXXXXXXXXXXXXXXXXXXXXXXXXXXXXXXXXXXXXXXXXXXXXXXXXXXXXXXXXXXXXXXXXXXXXXXXXX
									TUT_TUBT_MAP 
XXXXXXXXXXXXXXXXXXXXXXXXXXXXXXXXXXXXXXXXXXXXXXXXXXXXXXXXXXXXXXXXXXXXXXXXXXXXXXXXXXXXXXXXXXXXXXXXXXXX

INSERT INTO TUT_TUBT_MAP (TUT_ID, TUBT_ID, NUMBER_OF_TUBS) VALUES ('-30','-30','1');
INSERT INTO TUT_TUBT_MAP (TUT_ID, TUBT_ID, NUMBER_OF_TUBS) VALUES ('0','0','1');
INSERT INTO TUT_TUBT_MAP (TUT_ID, TUBT_ID, NUMBER_OF_TUBS) VALUES ('10','10','1');
INSERT INTO TUT_TUBT_MAP (TUT_ID, TUBT_ID, NUMBER_OF_TUBS) VALUES ('60','60','1');
INSERT INTO TUT_TUBT_MAP (TUT_ID, TUBT_ID, NUMBER_OF_TUBS) VALUES ('201','201','1');
INSERT INTO TUT_TUBT_MAP (TUT_ID, TUBT_ID, NUMBER_OF_TUBS) VALUES ('202','202','1');
INSERT INTO TUT_TUBT_MAP (TUT_ID, TUBT_ID, NUMBER_OF_TUBS) VALUES ('101','101','1');
INSERT INTO TUT_TUBT_MAP (TUT_ID, TUBT_ID, NUMBER_OF_TUBS) VALUES ('102','102','1');
INSERT INTO TUT_TUBT_MAP (TUT_ID, TUBT_ID, NUMBER_OF_TUBS) VALUES ('103','103','1');
INSERT INTO TUT_TUBT_MAP (TUT_ID, TUBT_ID, NUMBER_OF_TUBS) VALUES ('120','120','1');
INSERT INTO TUT_TUBT_MAP (TUT_ID, TUBT_ID, NUMBER_OF_TUBS) VALUES ('21','21','1');
INSERT INTO TUT_TUBT_MAP (TUT_ID, TUBT_ID, NUMBER_OF_TUBS) VALUES ('11','11','1');
INSERT INTO TUT_TUBT_MAP (TUT_ID, TUBT_ID, NUMBER_OF_TUBS) VALUES ('12','12','2');
INSERT INTO TUT_TUBT_MAP (TUT_ID, TUBT_ID, NUMBER_OF_TUBS) VALUES ('14','14','4');
INSERT INTO TUT_TUBT_MAP (TUT_ID, TUBT_ID, NUMBER_OF_TUBS) VALUES ('18','18','8');
INSERT INTO TUT_TUBT_MAP (TUT_ID, TUBT_ID, NUMBER_OF_TUBS) VALUES ('116','116','16');
INSERT INTO TUT_TUBT_MAP (TUT_ID, TUBT_ID, NUMBER_OF_TUBS) VALUES ('1','1','1');
INSERT INTO TUT_TUBT_MAP (TUT_ID, TUBT_ID, NUMBER_OF_TUBS) VALUES ('-471154321','-471154321','1');

SELECT * FROM TUT_TUBT_MAP; 
--DELETE FROM TUT_TUBT_MAP;

XXXXXXXXXXXXXXXXXXXXXXXXXXXXXXXXXXXXXXXXXXXXXXXXXXXXXXXXXXXXXXXXXXXXXXXXXXXXXXXXXXXXXXXXXXXXXXXXXXXX
